ID,sequence
secuencia_1,HSQGTFTSDYSKYLDSRAASEFRQWLISE
secuencia_2,HSQGTFTIDYSKYLDSERARDFVQWLISEGPSSGAPPPS
secuencia_3,HAEGTFTSDVSSYLEGPHHHHHHHHHH
secuencia_4,HSQGTFKSDYSKYLDSERARDFVQWLISEGPSSGAPPPS
secuencia_5,YSEGTFTSDPSKLKEEEANRLFIEWLLAGGPSSGAPPPS
secuencia_6,HSQGTFTSDYSKYLESERARDFVQWLVAGY
secuencia_7,HSQGTFTSDYSKYLDSRRASEFVQWLASE
secuencia_8,HSQGTFTSDYSKYLDRAAASDFVQWLVAGD
secuencia_9,HSQGTFTSDYSRYLDSRRASEFVNWLISEYY
secuencia_10,HSIGTFTSDYSKRLDSERARDFVQWLVAGGDDDD
secuencia_11,YSEGTFTSDLSILKEKEANREFVNWLLEGGPSSGAPPPSS
secuencia_12,HAEGTFTSDVSNYLEGQAAKEFIAWLVGRHHHH
secuencia_13,TAEGTFTSDVS
secuencia_14,YSEGTFTSDYSKLLDEEAVRDFIEWLLAGGPSS
secuencia_15,ESQGTFTSDYSKYLDSRKAAAFVQWLLNGGPSSGAPPPGEG
secuencia_16,HSQGTFTSDYSKYLLSRRAEDFVQWLVAGGSGSGSG
secuencia_17,HAEGTITSDVSSYLEGQAAKEFIAWVKGRHHHHH
secuencia_18,HSQGHFTSDYSKYLDSRSARDFVQWLVAGG
secuencia_19,HSQGTFTSDYSKYLDRAAAQDFVQWLVAGG
secuencia_20,HSQGTFTSDYSKYLDSRRAEDFVQWLVAGGSGRGSG
secuencia_21,HSQGTFTSDYSKYLDSGRASEFVQWLISE
secuencia_22,HSIGTFSSDYSKYLDSERARDFVQWLVYY
secuencia_23,HSQGPFTSDYSKYLDSRKAAAFVQWLLNGGPSSGAPPPGEG
secuencia_24,HADGTFTSDVSAYLKEQAIKDFVAKLKKGQ
secuencia_25,YSEGTFTIDYSKLLEEEAVRDFIEWLLAGGPSSGAPPPS
secuencia_26,HSQGTFGSDYSKYLDSASASDYYYYYYYYYY
secuencia_27,HSIGTFTSDYSKYLDSRRASEFWQWLISE
secuencia_28,YSEYTFTSDYSKLLEEEAVRDFIEWLLAGGPSSGAPPPS
secuencia_29,HSQGMFTSDYSKYLDSERARDFVQWLISEGPSSGAPPPS
secuencia_30,HSAGTFTSDYSKYLDSERAREFVQWLVAGG
secuencia_31,YSEGTFTSDYSKLLEEEAVRDFQEWLLAGGPSSGAPPPS
secuencia_32,HGEGTFTSDVSSYMESQLGDEFIAWLLKGR
secuencia_33,HSQGTFTSDTSRYLDSRRASEFVQWLISEVVVVVV
secuencia_34,HGEGTFTSDVSSYWESQLVDEFIAWLLKGR
secuencia_35,HSQGTFTSDYSKYLDSEFAREFVQWLVAGG
secuencia_36,YAEGTFTSDVSSYLEGQAAKEGGGGGGGGGG
secuencia_37,HGEGTFTSDVSSYMERQSVDEFIAILLKGR
secuencia_38,HSQGTFTSDYSRYLF
secuencia_39,HSQGTFTSDYSKYLDSRRASEFVQFLISEYY
secuencia_40,YAEGTFTSDYSIYLDEQAAQEFVNWLLAGQPSSGAPPPS
secuencia_41,HSQGTFTSDYSKYLDSRAASEGVQWLISE
secuencia_42,HSQQTF
secuencia_43,HSQGTFTSDYSKYLDSRAAAKFVQWLLNGGPRSGAPPEGG
secuencia_44,YSEGTFTSDYSVLLEEEAVRDFIEWLLAGGPSSGAPPPSN
secuencia_45,HSQGTFTSDYSEYLDAERARDFVQWLVAGG
secuencia_46,YAEGTFTSDYSIYLDRQAAQHFVNWLLAY
secuencia_47,HSIGTFTSDYHKYLD
secuencia_48,HSQGTFTSDYSKYLTEAMM
secuencia_49,YAEGTFTSDYSIYLDEEAAQEFVNWLLAGGPSSGAPPPS
secuencia_50,HSQGTFTSDISKYLDSRRASEFVQWLISG
secuencia_51,HSQGTFTSDYSIYLDSEAASDFVQWLVAGGYYYY
secuencia_52,HGEGTFTSDVSSYMESGLVDGYYYYYYYYY
secuencia_53,HGEGTFTSDVSSYMEEQLVDEFIAWLLKGRHHHH
secuencia_54,HSQGTFTSDYSKYLDSRSARDFVSWLVA
secuencia_55,HSQGTFTSDYCKYLESERARDFVQWLVAGG
secuencia_56,HSQGTFTSDYSKYLCSRSASDFVQWLVAGG
secuencia_57,YSELTFTSDYS
secuencia_58,HSQGTFTSDYSRELDSRRASEFVQWLISEY
secuencia_59,LHAYGTFTSDVSSYLEGQAAKEFIAWLVKGRG
secuencia_60,HAEGTFTSDVSSYLEGQAAKEFSAWLVGRY
secuencia_61,YAEGTFTSDYSIYLHRQAAQEFVNWLLAGGPSSGAPPPS
secuencia_62,HSQGTFTSDYSKYLDEAAASDFFQWLVAGG
secuencia_63,HSKGTFTSDYSKYLDSRSARDFVQWLVAGG
secuencia_64,HSIGTFTSDYSKYLDEAAASDFVQWLVAGGH
secuencia_65,HSQGTFTSDYSKYIDSRCAAAFVQWLLNGGPSSGAPPPGCG
secuencia_66,HSQGTFTSDYSKYLDRAAASDFVQWLVCGG
secuencia_67,HSIGTFESDYSKYLDSERARDFVQWLVAGG
secuencia_68,YAEGTFTSDYSIYLDKQAAYEFVNWLLAGGPESGAPPPS
secuencia_69,HSQGTFTSEYSKYLDSQRARDFVQWLVAGG
secuencia_70,YAEGTFTSDYSIYLDKQAAEAFVNWLLTGGPSSGAPPPS
secuencia_71,HADGTFTSDVSAYLKEQAIKDFIAKLKAGQ
secuencia_72,YSESTFTSDLSILKEKEANREFVNWLLAGGPSSGAPPPS
secuencia_73,HTDGTFTSDVSAYLNDRAVKEFVARLCSGQ
secuencia_74,HSQGTFTSPYSK
secuencia_75,HAEGTFTSDVSSLLEGQAAKEFIAWLKGR
secuencia_76,HSQGTFTSDYSLYLDSIRASEFVQWLISE
secuencia_77,HSQGVFTSDYSKYLDSYYYYYYYYY
secuencia_78,YSEGTFTSDYSKLLERQAIDEFVNWLLKGGPSSGAPYPS
secuencia_79,FSEGTFTSDYSKLKEEEAYYYYYYYYY
secuencia_80,YSEGTFTSDYSALLEEEAVRLFIEWLVKGP
secuencia_81,CAEGTFTSDYY
secuencia_82,HSIGTFTSDYSKWLDSERARDFVQWLVAGG
secuencia_83,WSQGTFTSDYSKYLDSERAREFVQWLVAGG
secuencia_84,HSQGTFTSDYSKYLDSHCAAAFVQWLLNGGPSSGAPPPGCG
secuencia_85,YAEGTFTSNYSIYLDEQAAQEFVNWLLAGGPSSGAPPPSAE
secuencia_86,HSQGTFTSDYSRYLDSCRASEFVQWLISE
secuencia_87,HSQGTFTSDYSKYLDEAAASDFVQWLVAGD
secuencia_88,HEEGT
secuencia_89,HSQGTFTSDYSKYLDSERAREFVQWLVACG
secuencia_90,LHAEGTFTSDVSSYLEGQAAKEWIAWLVKGRG
secuencia_91,HSQGTFTSDYSKWLDSERARDFVQWLISE
secuencia_92,HSQGTFTSDYSGYLDSERAREFVQWLVAGG
secuencia_93,HSQGTFTSDISKYLDSRAASEFVQWLISE
secuencia_94,HSQGTFTSDTSEYLDSERARDFVQWLVAGG
secuencia_95,YAEGTFTSDRSIYLDKQAADDDDDDDDDD
secuencia_96,HSIGTFTSDYSYYL
secuencia_97,HSQGTFTSDYSKYLDSERARDFDQWLISEGPSSGAPPPS
secuencia_98,HSQGTNTSDYSKYLDRAAASDFVQWLVAGG
secuencia_99,YSEGTATSDYSKLLERQAIDEFVNWLLKGGPSSGAPPPS
secuencia_100,HSQGTFTSDYSKYLDSRRASEFVQWLIIE
secuencia_101,ISQGTFTSDYSKYLDRAAASDFVQWLVAGG
secuencia_102,YSEGTFTSDYSKLLERQAIDEFVNWLLKGGPDSG
secuencia_103,YAEGTFTHDYSIYLDKQAAYEFVNWLLAGGPSSGAPPPS
secuencia_104,HSGGTFTSDY
secuencia_105,YSECTF
secuencia_106,HSQGTFTSDYSKYLDSERARDFVEWGVAGG
secuencia_107,HAEGTFTSDVSSYLEGQAAEEFIAWVKGR
secuencia_108,HSQGKFTSDYSKYLDSRRASEFVQWLNNDDDDDDDD
secuencia_109,LHAEGTFTSDVSSYLEGQAAKEFIAWLVKGEG
secuencia_110,HSQETFT
secuencia_111,HSQGTFTSDYSKYLDSRRASEFVQWLITE
secuencia_112,HAEGTFTSDVSSYLEYQAAKEFIAWVKGR
secuencia_113,HKEGTFTSDVSAYL
secuencia_114,HSQATFTSDYSKYLDRAHAAPHHHHHH
secuencia_115,HSQGTFTSDYSMYLDSRRASEFVQWLIAE
secuencia_116,HSQGTFTSDYSKYLDEAAASDVVQWLVAGG
secuencia_117,HSQGTFTSDYHKYLDSASASDFVQWLVAGGDDDD
secuencia_118,HSQGTFTSDPSEYLDSRRASEFVQWLISE
secuencia_119,HSMGTFTSDYSKYLDSEAARDFVQWLVAGG
secuencia_120,HADGT
secuencia_121,HSQGTFTSDYSKYLDSERARDFVQWLISEGPSSGAPSPSS
secuencia_122,YPEGTFTSDYSIYLDEQAAQEVVVVVVVVVV
secuencia_123,YSQGTFVSD
secuencia_124,HSQGTFTSDYSKYLQSEAASDFVQWLVAGG
secuencia_125,LHAEGKFTSDVSSYLEGQAAKEFIAWLVKGRG
secuencia_126,HAEGTFTSDVSFYLEGQAAKEFIAWLVKGR
secuencia_127,HAEGYF
secuencia_128,YAEGGFTSDYSIYL
secuencia_129,HAEGTFTSDVSSYLEWQAAKEFIAWLKGR
secuencia_130,HSQGTFISDY
secuencia_131,HAEGTFTSDVSSYYEGQAAKEFIAWVKGR
secuencia_132,HSQGTFTSDYSKYLNSASAYYYYYYYYYY
secuencia_133,YAEGTFTSDYSIYLDKQAAYEFVNWLLAGGPSAGAPPPS
secuencia_134,HSQGGFTSDYSKYLDSIRASEFVQWLISEY
secuencia_135,HSQGTFTSDYSKYLDSYAASDFVQWLVAGG
secuencia_136,HSQGTFTSDYCKYLDSERASEFVQWLISEHH
secuencia_137,YAEGTFQSDYSIYLDKQAAEAFVNWLLAGGPSSGAPPPS
secuencia_138,HAEGTFTSDVSSYLEGQAAMEFIAWVKGR
secuencia_139,YSEGTFTSDYSKLLLEEAVRLFIEWLVKGP
secuencia_140,YAEGTFTSDYSIYLDRQAAQEFNNWLLAGGPSSGAPPPS
secuencia_141,HSTGTFTSDYSKYLDSRRASEFVQWLISEVHH
secuencia_142,HSIGTF
secuencia_143,HSQGTFTSDYSKYLDSRSAAAFVQWLLNGGPSSGAPPPGEG
secuencia_144,YAEGTFTSDYSIYLDEIAAQEFVNWLLAGRPSSGAPPPS
secuencia_145,HSQGTFTSDYV
secuencia_146,HSQGTFTSDTSKYLDSRCA
secuencia_147,HSQGTFTSDYSKYLDRAAASDFRQWLVAGG
secuencia_148,YSEGTFTSDYSKLLESEAVRLFIEWLVKGP
secuencia_149,HTDGTFTSDVGAYLNDRAVKEFVARLKSGQ
secuencia_150,HQQGTFTSDYSKYLDSERASEFVQWLISEVYY
secuencia_151,HSMTTFTSDYSKYLDSERARDFVQWLVAGG
secuencia_152,HSQGTFTSDYSSYLDSRRASEFVQWLISG
secuencia_153,HSQGTFTSDYSKYLFSERARDFVQWLISEHHHH
secuencia_154,YSTGTFT
secuencia_155,HSQITFTSDYSKYLDSERARDFVQWLISE
secuencia_156,HADGTFTSDVSYYLKEQAIKDFVAKLKAGQ
secuencia_157,HSQGTFTSDYSKYLRSRAASEFVQWLISEHHHHH
secuencia_158,YSEGTFTSDYSKLKEEEANRLFIRWLLAGGPSSGAPPPS
secuencia_159,HSQITFTSDYSEYLDSERARDDDDDDDDDDD
secuencia_160,HSQGTFTSDYSKYLDEAAASDFVQWLVAGK
secuencia_161,HTDGTFTSDVSAYLNDRAVKEFVARLKSGTDVSALND
secuencia_162,YAEGTFTSDYTIYLDKQAAEAFVNWLLH
secuencia_163,YAEGTFTSDYSIYLDEQAAQEFVNWLLAGGYSSGAPPPS
secuencia_164,HSQGTFTSDYSKYLDSRAAAKFVNWLLNHH
secuencia_165,HGEGTFTSDVSSYMERQSVDGFIAWLLKGR
secuencia_166,HGEGTDTSDVSSYMERQSVDEFIAWLLKGR
secuencia_167,YSEGTFTSDYSKLLERQAIDEFVSWLLKGGPSSGAPPPSN
secuencia_168,YSEGTFTSDYSKLLEQQAIDEFVNWLLKGGPSSGAPPPSS
secuencia_169,YSEGTFTSDYSKLKEEEAVRLFIEWLVKGP
secuencia_170,YSEGTFTSDYSKLLEEEAVREFIEW
secuencia_171,HSQGTFTCDYSKYLEEEAVRLFICWLMNTYYY
secuencia_172,YSEGTFTSDYSKLLERQAIDEFVMWLLKGGPSSGAPPPS
secuencia_173,HADGTFTSDVSAYQKEQAIKDFVAKLKAGQ
secuencia_174,HSQGTFTSEYSKYLDSERARDFVFWLVAGG
secuencia_175,HSQGTITSDYS
secuencia_176,HSQGTFTSDYSKRLDSRSADGGGGGGGGG
secuencia_177,YAEGTFTI
secuencia_178,YSQETFTSDYSKY
secuencia_179,HPQGTFTSDYSEYLDSRRASEFVQWLISE
secuencia_180,HSQGTFTSDESKYLDSRAAACFVQWLLNGGPSSGAPPCGG
secuencia_181,YSRGTFTSDLSILKEKEANREFVNWLLAGGPSSGAPP
secuencia_182,HSQGTFTTDYSKYLDSRNNNNNNNNNN
secuencia_183,YAEGTFTSDYSIYLDRQAAQEFVNWLLAGGPSSGAPPVS
secuencia_184,HGEGVFTSDVSSYMESQLVDEFYYYYYYYYYY
secuencia_185,HSQGTFTYDYSKYLDSNNNNNNNNNN
secuencia_186,HSIGTFTSDYSKYLDSRGASEFVQWLISEDDD
secuencia_187,HSQGTFTSDYSKYLDSRSASDFVQWLVAGS
secuencia_188,HTDGTFTSDVSAYLNDRAVKEFVARLKSGF
secuencia_189,HSMGTFTSDYEKYLDSERARDFVQWLVAGGDD
secuencia_190,HSQGTFTSDYSKVLDSERASEFVQWLISEDD
secuencia_191,HFQGTFTSDYSKYLDM
secuencia_192,HSQGTFTSDYSKYLDEAAASDFVQWLVAGRY
secuencia_193,HFQGTFTSDYSKYLDSRRASEFVQWLISE
secuencia_194,LHAEGTFTSDVSSYLEGQAACEFIAWLVKGRG
secuencia_195,HYEGTFTSDVSSYLEGQAAKEFIAWVKGR
secuencia_196,HSHGTFTSDYSK
secuencia_197,HADGTFTSDVSAYLKEQAIKDFVAKLKQGQ
secuencia_198,HSQGTPTSDYSKYLDSRKAAAFVQWLLNGGPSSGAPP
secuencia_199,HSIGTFTSDYSKYLDSRKASEFVQWLISE
secuencia_200,YMEGTFTSDYSKLKEEYYYYYYYYYY
secuencia_201,HGEGTFTSDVSGYMESQLVDEFIAWLLKGR
secuencia_202,HSQGTFTSMYSKYLDSASASDFVQWLVAGG
secuencia_203,YAEGTFTSDYSIYWDEIAAQEFVNWLLAGGPSSGAPPPS
secuencia_204,HSHGTFTSDYSKYLESERARDFVQWLVAGG
secuencia_205,HSQGTFTSDYSKYLDRAAASDFVYWLVAVVVVV
secuencia_206,HSQGTFTSDYSKYLDSLRASEFVQWLISE
secuencia_207,HSQGTFDSDYSKYLDSERARDFVQWLISE
secuencia_208,HSQGTFTSDYSKYLDPRRAEDFVQWLVAGGSGSGSG
secuencia_209,HSQGTFTSDYSKYLDEAAAVDFVQWLVAGG
secuencia_210,HSQGTFTSDYSEYLDSRRASEFVQVLISE
secuencia_211,HADGTFTSSVSAYLKEQAIKDFVAKLKAGQ
secuencia_212,HSQGTFTSDCSK
secuencia_213,HSQGTFTSRYSKYLDSRRASEFVQW
secuencia_214,HSQGTFTSDYSKYLYSRAAAKFVQWLLNGGPSSGAPPEGG
secuencia_215,HSQGTFTSDYSKYLDSDCAAAFVQWLLNGGPSSGAPPPGCG
secuencia_216,HSQTTFTSD
secuencia_217,YAEGTFTSDYSIYLDCIAAQEFVNWLLAGGPSSGAPPPS
secuencia_218,LHAEGTFTSDSSSYLEGQAAKEFIAWLVKGRG
secuencia_219,HAEGTFTSDVSSYVEGQAAKEFIAWLVRGRYYYY
secuencia_220,HSQGTFTSDYYKYLDSERASEFVQWLISEHH
secuencia_221,YSEGTFTSDLSIQKEKEANREFVNWLLAGGPSSGAPPPS
secuencia_222,HSQGTFTSDYSKYLDSERARDFVQQLVAGGSS
secuencia_223,HSQGTFTSDYSKYLDDNVDDMYYYY
secuencia_224,HSQDTFTSDYSKYLEEEAVRLFI
secuencia_225,HAEGTFTSTVSSYLEGQAAKEFIAWLVGR
secuencia_226,HSQGTFTSDYSKYLDSEAASDFVLWLVAGG
secuencia_227,HAEGTFTHDVSSYLEGQAAKEFIAWLKGR
secuencia_228,HSMGTFTSDYSKYLDSARAR
secuencia_229,HSQGTFTSDYSTYLDSASASDFVQWLVAGG
secuencia_230,HSQGTFTSDYSKYLIEEAVRLFICWLMNT
secuencia_231,HSIGTFTSDYSKYLPSERARDFVQWLVAGG
secuencia_232,HSQGTFTSDYSEYLDSRRASLFVQWLISEY
secuencia_233,HSQGTFTSDYSKYLGSIRASEFVQWLISE
secuencia_234,HSQGVFTSDYSKYLDSRRASEFVQWLISE
secuencia_235,YAEATFTSDYSIYLDRQAAQEFVQQQQQQQQQQ
secuencia_236,YSEGTFTSDYSKLLERQAIEEFVNWLLKGGPSSGAPPPS
secuencia_237,HSQGTETSDYSKYLDSASASDFVQWLVAGG
secuencia_238,HSIGTFTSDYSKYLDSERARDFVQWLVDGG
secuencia_239,YSQGTHTSDYSKYLEEEAVRLFIEWLLAG
secuencia_240,HADGTCTSDVSAYLKEQAIKDFHHHHHHHHHH
secuencia_241,HSQGTFTSDYSKYLDEAAASDFVQWLVVGG
secuencia_242,HSQGTFTSDYSKYLDSERASEFVQWLISDH
secuencia_243,YAEWTFTSDYSIYLDIKAAQEFVNWLLAGGPSSGAPPPS
secuencia_244,HSQGTFTSDPSKDG
secuencia_245,HSQGTFTSYYSKYLESERARDFVQWLVAGG
secuencia_246,HSDGTFTSDYSKYLDSERARDFVQWLVAGG
secuencia_247,HSQGTFTSDYSRYLDSRRASEFVQWLNSE
secuencia_248,HSQGTFTSDYSKYLDSERATDFVQWLVAGGY
secuencia_249,HSQGTFTSDYSKYLEEEAVRLMICWLMNTHHHH
secuencia_250,VSQGTFTSDYSKYLDSERARDFDDDDDDDDDD
secuencia_251,HSKGTFTSDYSKYLDSERARDFVAWLVAGGY
secuencia_252,HAQGTFTSDYSKYLDSERARDFVQWLISED
secuencia_253,HSQGTFTSDYSKYLDSRKAEDFVQWLVAGGSGSGSG
secuencia_254,HSQGTFTSDYEKYLEEEAVRLFICWLMNTHHHHHH
secuencia_255,HSQGTFTSDYSKYLDSRRAEDFVQWLVAGGSASGSG
secuencia_256,HAEGTFTSDVWSYLEGQAAKEFIAWVKGR
secuencia_257,YAEGTFPSDYSIYLDKQAAEAFVNWLLAGGPSSGAPPPS
secuencia_258,HSQGTFTSDYSKHLDSRKAAAFVQWLLNGGPSSGAPPPGEG
secuencia_259,HADGTFTSDVSAYGKEQAIKDFVAKLKAGQHHHHH
secuencia_260,HSQGTFTSDYSKYLDSRRASEFVQWLLAE
secuencia_261,HSQGTFTSGYSKYLESERARDFVQWLVAGGY
secuencia_262,YSEGTFTSDYSKLLEEEGVRLFIEWYY
secuencia_263,HSQGTFTSDYSKYLDSRCAAAFVQWLLNCGPSSGAPPPGCG
secuencia_264,YSQGTFTSDYSKYLEEEAVRLEIEWLLAG
secuencia_265,HSQGTFTSDYSKYLDSRAACCFVQWLLNGGPSSGAPPCGGS
secuencia_266,HSQGTFTSDYSKYLDSERAKDFVQWLVAGG
secuencia_267,HSQGTFTSDYSKYLFSRRAEDFVQWLVAGGSGSGSG
secuencia_268,HSQFTFT
secuencia_269,HGEGTKTSDVSSYMESQLVDEFIAWLLKGR
secuencia_270,YSEGTFTSDLSILKEKEANREFVNWLLMGGPSSGAPPPS
secuencia_271,HSQGTFTSDYSKYLEEEAVRLFICWLMPTYYYYY
secuencia_272,HSQGTFTSDYSKVLDSRRASEFVQWLISG
secuencia_273,HSQGTFTSDYSKYLDSRRASEFVQWLITG
secuencia_274,YAGGTFTSDYSIYLDEQAAQEFVNWLLAGGPSSGAPPPS
secuencia_275,HSQGTFTSDYSKYLDFRRASEFVQWLIAE
secuencia_276,YSEGTFTSDLSILKEKEANREFVNWFLAGGPSSGAPPPSS
secuencia_277,HAEGTFTSDVASYLEGQAAKEFIAWLVGR
secuencia_278,HSPGTFTSDYSKYLDSRRASEFVQWLISE
secuencia_279,HSQGTFTSDYSRYLYSRRASEFVQWLISE
secuencia_280,HSQGAFTSDYSRYLDSRRASEFVQWLISEYY
secuencia_281,HSQGTFTSDYSKYLDSRRHSEFVQWLIAE
secuencia_282,HSQGTFTSDYGKYLDRAAASDFVQWLVAGG
secuencia_283,YSEGTFTSDYSKLCEEEANRLFIEWLLAGGPSSGAPPPS
secuencia_284,YAEGTFTSDYSIYLDEQAAQEFVNWLLAAGPSSGAPPPS
secuencia_285,HSQGTFTSDYMKYLESERARDFVQWLVAGG
secuencia_286,YSEGTFTSDYRKLLERQAIDEFVNWLLKGGPSSGAPPPS
secuencia_287,HSIGTFTSDYSKYIDSRRASEFVQWLISE
secuencia_288,HSQGTFTSDYSKYLDSRCAAAFVQWLLNGGPSSGAPPPGCM
secuencia_289,HSQGTFTSDYSKYLDSKRASEFVQWLISE
secuencia_290,HSQGTFTSDYDKYLD
secuencia_291,HGEGTFTVDVSSYMESMM
secuencia_292,YAEGTFTSDYSIYLDEIAAQEFVNWLLAGGPSRGAPPPS
secuencia_293,ESQGT
secuencia_294,HSQGTFTADYSKYLDSERASEFVQWLISEVVVVVV
secuencia_295,FSQGTF
secuencia_296,HGEGTFTSDVSSYMESMLVDEFI
secuencia_297,YAEGTFTSDYSIYLDIKAAQEFVNWLLAFGPSSGAPPPS
secuencia_298,HSQDTFTSEYSKYLDSERARDFVQWLVAGG
secuencia_299,YAEGTFTSDYSIYNDIKAAQEFVNWLLAGGPSSGAPPPS
secuencia_300,YAEGTFTSDYSIYEDEQAAQEFVNWLLAGGPSSGAPPPS
secuencia_301,LSQGT
secuencia_302,HGEGTFTSDVSSYMERQSVDEFIAWLLKCRHH
secuencia_303,YAEGTFTSDYSIYLDRIAAQEFVNWLLAGGPSSGAPPPS
secuencia_304,HAEETFTSDVSAYLEGQAAKEFIAWLVKGR
secuencia_305,YAEGTFTSDYSIYLDKQAAYEFVNWLLAGGPSSGAPPKS
secuencia_306,HSQGTFTKDYSKYLDSEAASDFVQWLVAGGCCC
secuencia_307,HSMGTFTSDQSKYLDSERARDFVQWLVAGG
secuencia_308,SSEGTFTSDYSKLLEEEAVRDFIEWLLAGGPSSGA
secuencia_309,YAEGTFTSDYSIYLDEQAAQEFVNWLLAGGPSSKAPPPSA
secuencia_310,HAEGTFTSDVSSYLEIQAAKEFIAWVKGR
secuencia_311,HSQGTFTSDYSKYLDSRRASENVQWLIAE
secuencia_312,HAEGTFTSDVSSYLEGQAAKEFIAWVKGA
secuencia_313,HSQGTFTSDYSKYLDEAAASDFVQELVAGG
secuencia_314,HSQGTFTSDYSKYLDSESARDFVAWLVAGG
secuencia_315,HSQGTFTSDYSKYLFSERARDFVEWLVAGGHHHHH
secuencia_316,VSIGTF
secuencia_317,HSQGTFTSDYSKYLDSVRARDFVAWLVAGG
secuencia_318,FSQGTFTSDYSKYLEEEAVRLFICWLMNT
secuencia_319,HSIGTFTSDYSKYLDSERARHFVQWLVAGGDDDD
secuencia_320,YAEGTFTSDYSIYLDEQAAQEFVNWLLATGPSSGAPPPS
secuencia_321,HSQGTFTSDYSKYLDSEAASDKVQWLVAGGYYYY
secuencia_322,HSQGTFTSEYSKYLDSERARDFVQWLVVGG
secuencia_323,HSQGTFTSDYSKYLDSRKAAAFVQWLLNGGPPSGAPPPGEG
secuencia_324,HSIGTFTSDYSKYWDSERARDFVQWLVAGG
secuencia_325,YSQGTFTSDYSKFLEEEAVRLFIEVVVVVVVVVV
secuencia_326,HSHGT
secuencia_327,YSEGTFTSDLSILKEKEANREFVNALLAGGPSSGAPPPS
secuencia_328,HSQGTFTSRYSKYLDSERARDFVAWLVAGG
secuencia_329,HAEGTFTSDVSSYLEGQAAKEFIEWVKGRHHHH
secuencia_330,HSQGTFTL
secuencia_331,HSQGTFTSPYSKYLESERARDFVQWLVAGG
secuencia_332,HSQGTFTSDYSKYLDSLSASDFVQWLVAGG
secuencia_333,HAEGTFTSDVYSYLEGQAAKEFIAWLVGR
secuencia_334,HSQGTFTSDYSLYLDEAAASDFVQWLVAGG
secuencia_335,HRQGTFTSDYSEYLDSRRAS
secuencia_336,HSQGTFTSDYSKYLDSRAAACFVQWLLNGGPSFGAPPCGG
secuencia_337,LHAEVTFTSDV
secuencia_338,YAEGTFTSDYSIYLDIKAAQEYVNWLLAGGPSSGAPPPS
secuencia_339,HADGTFTSDVSHYLKEQAIKDFVAKLKAGQ
secuencia_340,RSQGT
secuencia_341,HSMGTFTSDYSKGLDSERARDFVVVVVVVVVVV
secuencia_342,HSQGTLTSDYSKYLDSYYYYYYYYYY
secuencia_343,HSQGTFTSDYSKYLDSRAMACFVQWL
secuencia_344,HSQGTFTSDYSKYLESERAWDFVQWLVAGG
secuencia_345,YAEGTFTQDYSIYLDEQAAQEFVNWLLAGGPSS
secuencia_346,HGEGMFTSDVSSYMERQSVDEFIAWLLKGR
secuencia_347,HAEGTFTSDVSSYLEGQAAKEFIAWLFRGR
secuencia_348,HSQGTFTSDYSKYLDSRRASEFVQWLISR
secuencia_349,HSQGTFTSDYSKYLDSERARDFNEWLVAGGS
secuencia_350,HTDGTFTSDVSAYLNDRAVKEFVARMKSGQ
secuencia_351,HSQGTFTSDYSKYKDSRRASEFVQWLISE
secuencia_352,HSQYT
secuencia_353,HSQGTFTSDYSKYLDSERAREFVQWLVAGL
secuencia_354,HSQGTFTSDYSKYLDSERARDFVQWLIHEYYYY
secuencia_355,LHDEGTFTSDVSSYLEGQAAKEFIAWLVKGRG
secuencia_356,HSQGTFTSDYSKYLAEEAVRLFICWLMNT
secuencia_357,YAEGTFTSDYSIYLDIKAAQEFVNWLLAGGHSSGAPPPS
secuencia_358,HSQGTFTSDYSERLDSERARDFVQWLVAGG
secuencia_359,HSIGTYT
secuencia_360,HTDGTFTSDVSLY
secuencia_361,YSEGTFTSDYSKLNEEEANRLFIEWLLAGGPSS
secuencia_362,HSQTTFTSDYSKYLDSERARDFVQWL
secuencia_363,HTDGTFTSDVSAYLNDRAVKEFVARLKSYQH
secuencia_364,HSMWTFTSDYSKYLDS
secuencia_365,YSEGTFWSDLSILKEKEANREFVNWLLAGGPSSGAPPPS
secuencia_366,HAEGTFTSDVEAYLEGQAAKEFIAWLVKGR
secuencia_367,HSQGWF
secuencia_368,YAEGTFTSDYSIYLDKQAAEAFVNWLLAGGPSSGAMPPS
secuencia_369,HSMGTFTSDYSKYLDSERARDFVQWLVAGR
secuencia_370,YSEHTFTSDYSKLLERQAIDEFVNWLLKGGPSSGAPPPSY
secuencia_371,HSTGTFT
secuencia_372,HSQGTFTSDYSKYLDSRFAAAFVQWLLNGGPSSGAPPPGEG
secuencia_373,HTDGTFTSDVSAYLNDRAVKEFVAELKSGQ
secuencia_374,LHAEGTFTSDVSSYLEGQAAKEFIAHLVKGRG
secuencia_375,YSEGTFTIDYSKLLEEEAVRLFIEWLVKGP
secuencia_376,HAEGSFTSDVSSYLEGQAVVAVVVVVVV
secuencia_377,HSYGTFTSDYSKYLDSERY
secuencia_378,YAEGTFTSDYSIYLDRQAAQEFVNWLLAEGPSSGAPPPS
secuencia_379,YAEGTFTSDYSIYLDKQAAEAFVNFLLAGGPSSGAPPPS
secuencia_380,YEEGTFTSDYS
secuencia_381,HSQGTFTSDYSKYLDSERASHFVQWLISEVVVVVV
secuencia_382,HAEGTFTSDVSSYLEGQAANEFIAWLKGR
secuencia_383,YAEGTFTSDYSIYCDE
secuencia_384,HPDGTFTSDVSAYLNDRAVKEFVARLKS
secuencia_385,YAEGTFTSDYSIYLDKQAAEAFVNWLLAGGPMSGAPPPS
secuencia_386,HTDGTFTSDVSAYLNDRAVKEFVADAYLNDRAVEE
secuencia_387,YSEGTFTSDYSKLLEEEAVRDFIEWLLAGGPSSGAPLPS
secuencia_388,YSEGTFRSDYSKLKEEEANRLFIEWLLAGGPSSGAPPPS
secuencia_389,HAEGTFTSDVSSYLEGQAAKEFIAWWKGR
secuencia_390,YAEGTFTSDYSIYLDIVAAQEFVNWL
secuencia_391,HTDGTFTSDVSAYLNDRAVKEFVARLKSGK
secuencia_392,YSEGTFTSDYSKLLEEEAVRDFIEWLLAGGPSSGAPPPE
secuencia_393,HSQGTY
secuencia_394,HSQGTFTSDYSKYLDSRKAAAFVQWLLNHGPSSGAPPPGEG
secuencia_395,HSQGTFTSDYSEYLDSRRASESVQWLISEY
secuencia_396,HSIGTFTSDYSKYLDSRRASEAVQWLISEVY
secuencia_397,HSQGTFTSDYSKYLDSRAAACFVQWLLNGGPSSGAPPCCG
secuencia_398,YAEATFTSDYSIYLDEQ
secuencia_399,HIEGTFTSDVSSYMESQLVDEFIAWLLKGR
secuencia_400,HSQGEFTSDYSKYLDSERAREFVQWLVAGG
secuencia_401,HGEGTFYSDVSSYMERQSVDEFIAWLLKGR
secuencia_402,HSQGTFTSDYSKTLD
secuencia_403,YSRGTFTSD
secuencia_404,HSQGTFTSDYSKYLDSERARKFVQWLISE
secuencia_405,HADWTFTSDVSAYLKEQAIKDFVAKLKAGQ
secuencia_406,YSEGTFTSGYSKLLEEEAVRDFIEWLLAGGPSSGAPPPS
secuencia_407,MSQGTFTSDYSKYLD
secuencia_408,HSQGTFTSDYSKYLESERARDFVQMLVAGGS
secuencia_409,HSQGTFTPDYSKYL
secuencia_410,YAEGTFTSDYSIYLSKQAAYEFVNWLLAGGPSSGAPPPS
secuencia_411,HSQGTFTSDYSEYLDSRRNSEFVQWL
secuencia_412,HTDGTFTSDVSGYLNDRAVKEFVARLKSGQ
secuencia_413,HAEGTFGSDVSSYLEGQAAKEFIAWVKGR
secuencia_414,HSINTFTSDYSKYLDSERARDFVQWLVAGG
secuencia_415,HSQGTWTSDYSKYLDSRKAAAFVQWLLNGGPSSGAPPPGEG
secuencia_416,HSQGTFTSDYSKYLVSRRASEFVQWDDDDDDDDDD
secuencia_417,HSQGTFTSDYSKYLDSRRAEDFVQGLVAGGSGSGSG
secuencia_418,HLQGTFTSDYSKYLDSEAASDFYYYYYYYYYY
secuencia_419,HSQGTFTSDYSKYLDSERASEFVWWLISEYYYY
secuencia_420,YAEGTFTSDYSIYLDEIAAQEFVNWLLAGGPSSGAAPPS
secuencia_421,HSQGTFTSDSSKYLDSEAASDFVQWLVAGG
secuencia_422,HSQGNFTSDY
secuencia_423,HSQGTETSDYSKYLEEEAVRLFICWLMNT
secuencia_424,HSQGTFTSDYRKYLDSRKAAAFGGGGGGGGGG
secuencia_425,HSQGTFTSDYSKYLEIEAVRLFICYY
secuencia_426,HSQGTFWSDYSKYLDSNNNNNNNNNN
secuencia_427,HSQGTFTSDYMEYLDSRRASEFVQWS
secuencia_428,HSQGTFTSDYSKYLESERARDFVWWLVAGG
secuencia_429,HAEGTFTSDVSSYLEGQWAKEFIAWLVGR
secuencia_430,HSQGTFTSDYSKYLDSERARDFVEWDVA
secuencia_431,YAEGTFTSDYSIYLDRQAAQEFVFWLLAGGPSSGA
secuencia_432,YSEGTFTSDYSKLLEEEAVRDFIDWLLAGGPSSGAPPPS
secuencia_433,HSQITFT
secuencia_434,HSIGTFTSDYSKYLDSRVASEFVQWLISEY
secuencia_435,HAEGTFTSDVSSYLEGQAAKEFIFWLVRGR
secuencia_436,YAEGTFTSDYSIYLDESAAQEFVNWLLAGGPSSGAPPPS
secuencia_437,HSQGTFTSDYSKYLESERARDFVQWLVFGGSKKKKK
secuencia_438,HSQGTFTSDYQKYLDSERARDFVEWLVAGG
secuencia_439,YAEGTFTSDYSIYLDKQDAEAFVNWLLAGGPSSGAPPPS
secuencia_440,YSEGTFTSDYSKLKQEEANRLFIEWLLAGGPSSGAPPPS
secuencia_441,HSQGTFTSDH
secuencia_442,HAETTFTSDVSSYLEYYYYYYYYYY
secuencia_443,HSQGTFTSDYSKYLFEEAVRLFICWLM
secuencia_444,HAEGTFTSDVSIYLEGQAAKEFIAWLVRGRYYYY
secuencia_445,YAEGTFTSDYSIYLDKQAAEAFVNWLLAGGPQSGAPPPSA
secuencia_446,HSQGTFTSDES
secuencia_447,YAEGTFTSDKSIYLDIK
secuencia_448,YSEGTFTSDLSILKEKEANREQVNWLLAGGPSSGAPPPSS
secuencia_449,MAEGTFTSDVSSYLEGQAAKEFIAWLVGR
secuencia_450,HSQGTFTSDYSKYLDSASASRFVQWLVAGGSK-LDS
secuencia_451,HAEGTFTSDVSSYLEGQAAKEFIAWLLRGRYYYY
secuencia_452,HSQGTFTSDYSKYLDSRAAAKFVQWLLEGGPSSGAPPEGG
secuencia_453,HSQGTFTSDYSKYLDSASASDFQQWLVAGG
secuencia_454,YAEGTFTSDYSIYLDKQAAYEFVNWLLAGGPSSGAPPIS
secuencia_455,YSEGTFTSDLSILKEKEANREFVNWLLAYGPSSGAPPPS
secuencia_456,YSQGTFTSDYSKYLEEEAVRLVIEWLLAG
secuencia_457,HSQGTFTSDYGKYLDSERASEFVQWLISE
secuencia_458,HAGGTFTSDVSSYLEGQAAKEFIAWLVRGRYYYY
secuencia_459,HSQGTFTADYSRYLDSRRASEFVQWLISEHHH
secuencia_460,YSEGTFTSALSILKEKEANREFVNWLLAGGPSSGAPPPS
secuencia_461,HSQGTFTSENSKYLDSERARDFGGGGGGGGGG
secuencia_462,YADGTFTSDYSIYLDIKAAQEY
secuencia_463,HSQGTFTSDPS
secuencia_464,HAEGSFTSDVSSYLEGQAAKEFIAWDDDDDDDDDD
secuencia_465,HSQGTFTSDYSSYLDS
secuencia_466,HAEGTFTSDVSSYLRGQAAKEFIAWLKGR
secuencia_467,HADGTFTSDVSAYLKEQAIKDFVAKLKAGW
secuencia_468,HSQGTFTSDYCKYLDSRAAACFYHHHHHHHHH
secuencia_469,HSQGTFTSDYSKYLDSASASDFVQWLVAMG
secuencia_470,YAEGTFTSDYSIYLDSKAAQEFVNWLLAGGPSSGAPPPS
secuencia_471,HGEGTFTSDESSYMESQ
secuencia_472,HGMGTFTSDVSSYMERQSVDEFIAWLLKGRHHHHH
secuencia_473,HSQGQFTSDYSEYLDSERARDFVQWLVYYY
secuencia_474,YSEGTFTSDYSKLKEEEANRLFIEWLLAGGPSSEAPPPSSE
secuencia_475,HAEGTFTSDVSSPLEGQAAKEFIAWLVGRH
secuencia_476,HSQGTFTSDYSKYLYSERARDFV
secuencia_477,HSHGTFTSDYSKYLDSERAREFVQWLVAGG
secuencia_478,HSQGTFTIDYSEYLDSRRASEFVQWLISEY
secuencia_479,HSIGTFTSDYSKVLDSRRASEFVQWLISE
secuencia_480,HSQGTFTSDYSMYLDSRRASEFVQWLISE
secuencia_481,HGEGTFTSDVSSYMESQLVDEFIAWFLKGRYYYY
secuencia_482,HSQGTFTSDYSKTLDEAAASDFVQWLVAGG
secuencia_483,HSQGTFTSDYSKYLDSRRASEFVQWLIPG
secuencia_484,HSQGTFTSDYSWYLDSRAAAKFVQWLLNGGPSSGAPPEGG
secuencia_485,HSIGTFTSDYCKYLDSERARDFVQWLVAGG
secuencia_486,HGEGTFTSDVSSYMESQLVCEFIAWLLKGR
secuencia_487,HSQGTFTSDYSKYLDSERARDFVQWLISEGPSSGAPPPRS
secuencia_488,YSEGTFTSDYSKLKEEEANRLFIEALLAGGPSVVAAAAA
secuencia_489,YSEITFTSD
secuencia_490,HTPGTFTSDVSAYLNDRAVKEFVARLKSGQ
secuencia_491,HSQGTFTSDYSKYLDSRAAACFVQWLLNGGPGSGAPPCGG
secuencia_492,HSQGTFTSDYSRYLDSERARDFVQWLVAGG
secuencia_493,YAEGTFTSDYSIYLDIKAAQEFVNWLLAGGPSSGAGPPS
secuencia_494,WSQGTFTSDYSRYL
secuencia_495,HSQGTFTLDYSKYLDSRAASEYYYYYYYYYY
secuencia_496,YSEGTFTSDYSKLKEEEANRCFIEWLLAGGPSSGAPPPS
secuencia_497,HWQGTFTSDYSEYLDSRRASEFVQWLISE
secuencia_498,HAEGTFTKDVSSYLEGQAAKEFIAWLVGR
secuencia_499,LSQGTFTSDYSKYLDSERDDDDDDDDDD
secuencia_500,LHAEGTFTSDVSSYREGQAAKEFIAWLVKGRG
secuencia_501,HSQTTFTSY
secuencia_502,HSQGTFYSDYSKYLDSRSARDFVQWLVAGG
secuencia_503,HSQGTFTMDYSKYLDSRKAAAFVQWLLNGGPSSGAPPPGEG
secuencia_504,HGEGTFTSDVSSYMIRQSVDEFIAWLLKGRYYYYY
secuencia_505,YSEGTHTSDLSILKEKEANREFVNWLLAGGPSSGAPPPSS
secuencia_506,HSQGTFTSDYSKYLDSERARDFVQWLISEGTSSGAPPPS
secuencia_507,YSEGTFTSDYSKLLERQAIDMFVNWLLKGGPSSGAPPPSS
secuencia_508,HSQGTFTSDYNKYLDSERASEFVQWLISEV
secuencia_509,YSEGTFTSDYSKLLERQAIDEFVNWLLKGGPSSGAPFPS
secuencia_510,HGEGTFTSDVSSYMERQSVDEFIAWLTKGR
secuencia_511,HSQGTFTSDYSEYLDSERARDFVQWLVAGM
secuencia_512,HAEGTFTSDVSSYLEGQATKEFIAWVKGR
secuencia_513,HSQGTFTSDPSKYLDSRAAAKFVQWLLNGGPSSGAPPEGG
secuencia_514,YSEGAFT
secuencia_515,HSQGTFTSDYSRYLDSRRASEFVQLLI
secuencia_516,ESQGTFTSDYSKYLDSIRASEDDDDDDDDDD
secuencia_517,CGEGTFTSDVSSYMESQLVDEFIAWLLKGR
secuencia_518,TSQGTFTS
secuencia_519,HGEGTFTSDVSSYMESQLVDEFIAWLLPGRHHHHH
secuencia_520,HSQGTFTSDYSKYLDEAAASDYVQWLVAGG
secuencia_521,HSQGTFTSDYSKYLDSERACDFVAWLVYY
secuencia_522,HSMGTFVSDYSKYLDSERARDFVQWLVAGG
secuencia_523,HSQGTFTSDYSKYRDSERARDFVQWLISE
secuencia_524,YPEGTFTSDYSKLKEEEANRLFIEWLLAGGPSSGAPPPS
secuencia_525,HSQGTFTSDYSKYLDEPAASDFVQWLVAGG
secuencia_526,HSQGTFTSDYSKYLDSERRRDFVQWLVAGGYYYYY
secuencia_527,HSQGTFVSDYSKYLDSVVVVVVVVV
secuencia_528,HSQGTFTSDYSKYLDSIRASEFVQNLISEYYY
secuencia_529,HSQGTFTSEYSKYLDSERARDFVQWPVAGG
secuencia_530,YAEGTST
secuencia_531,HADGTFTGDVSAYLKEQAIKDFVAKLKAGQ
secuencia_532,LHAEGTFTSDVSSYLEGQAAKEFIAWLFKGRGD
secuencia_533,HSQGTFTSSYSKYLDSEAASDFVQWLVAGG
secuencia_534,HSQGTFTSDYSKYFDSRAAAKFVQWLLNGGPSSGAPPEGG
secuencia_535,HAEGPFTSDVSSYLEGQAAKEFIAWLVGR
secuencia_536,HSQGTFTSDYYK
secuencia_537,HSIGTFWSDYSKYLDSRRASEFVQWLN
secuencia_538,HSQGTFTSDYSKYLDSERAREFVKWLVAGG
secuencia_539,HSQGTFTSDYSTYLEEEAVRLFICWLMNT
secuencia_540,YSEGTFTSVYSKLLERQAIDEFVNWLLKGGPSSGAPPPSS
secuencia_541,HSQGTFTSLYSKYLDSRKAAAFVQWLLNGGPSSGAPPPGEG
secuencia_542,YAEGTFYSDYSIY
secuencia_543,HTDPTFT
secuencia_544,LHAEGTFTSDVSSYLEGQAAMEFIAWLVKGRGDSSLEG
secuencia_545,HSQGYFTSDYSKYLESERARDFVQWLVAGG
secuencia_546,LHAEGTFTSDVSSYLEGQAAKEFIAFLVKGRG
secuencia_547,HTDGTFTSDVAAYLNDRAVKEFVARLKSGQ
secuencia_548,HSQGTFTSDYSKYLCSRRASEFVQWLISG
secuencia_549,HADETFTSDVSAYLKEQAIKDFVAKLKAGQ
secuencia_550,HSQGTFTSDYTKYLDSRRAEDFVQWLVAGGSGSGSG
secuencia_551,HAFGTFTSDVSSYLEGQAAKEFIAWLVGR
secuencia_552,HSQGTFTSDYSKYLDTRAAAKFVQWLLNGGPSSGAPPE
secuencia_553,HADGTFTSDVSAYLKENAIKDFVAKLKAGQ
secuencia_554,HAEGTFTCDVSSYLEGQAAKEFHHHHHHHHHH
secuencia_555,HGEGTFMSDVSSYMERQSVDGGGCYYYYYY
secuencia_556,HSQGTFTSDMSKYLDSEAASDDGDDDDDDDD
secuencia_557,YSEGTFTSDYSKLLERQAIDEFVVWLLKGGPSSGAPPPSS
secuencia_558,HSTGTFTS
secuencia_559,HSQGTFTSDYSKGLDSRKAAAFVQWLLNG
secuencia_560,HSQGTFTSDYSKYLDQERARDFVQWLVAGG
secuencia_561,HSQGTFTSDYSKYLDSRKARAFVQ
secuencia_562,HAEVTFTSDVSSYLEGQAAKEFIAWVKGR
secuencia_563,HFQGTFTSDYSKYLDSRSARDFVQWLVAGG
secuencia_564,HSQGTFTTDYSKYLDSRSASDFVQWLVAGG
secuencia_565,HSQGTFTSGYSKYLDSEHYY
secuencia_566,HGEGTFTSDVSSYMERQPVDEFIAWLLKGRHHHH
secuencia_567,HSQGTFTSDYSKYLDSERARDFVQWLISEGPSSGAPPPYSS
secuencia_568,HSQGTFTSDYSEYLDPRRASEFVQWLISE
secuencia_569,YAEGTFTSDYSIYLDIKVAQEFVNWLLAGGPSSGAPPPSA
secuencia_570,HSIGTFTSDYSKYLDSERARDFVQWLFAGG
secuencia_571,HSQGTFTSDYSKYNDSRAASEFVQWLISE
secuencia_572,HSIGTFTSDYSKYLDSRRASWFVQWLISEV
secuencia_573,LHAEGTFTFDVSSYLEGQAAKEFIAWLVKGRG
secuencia_574,YAEGTFTSDYSIYLDRQAAQEFVNWLLAGGPSSGAPPPP
secuencia_575,HSQGTFISDYSKYLDSRRASEFVQWLIAE
secuencia_576,HSIGTFTSDYSKYLDSA
secuencia_577,HGEGTFTSDVSSYMERQMVDEFIAWLLKGRYYYYY
secuencia_578,HAEGTFTSDVSAYLECQAAKEFIAWLVKGRYY
secuencia_579,HSIGTFTSDYK
secuencia_580,YAEGTFTSDYSIYLDKQAAEAFVNWLLRGGPSSGAPPPS
secuencia_581,HTDGTFTSDVSAYLNDRAVKEFVARLKWGQ
secuencia_582,HSQGTFYSDYSKYLDSRRASEFVQWLISG
secuencia_583,HSQGTFTHDYSEYLDSERARDFVQWLVAGG
secuencia_584,HSQGTFTSCYSKYLDSASASDFVQWLVAGG
secuencia_585,HSQGTFTSDYSKYLDSRRAEDFVQWLHAGGSGSGSG
secuencia_586,HAEGTFTSDVSAYLEGQAAKEFIAWLFKGR
secuencia_587,ESQGTFTSYYY
secuencia_588,YSQGGFTSDYSKYLEEEAVRLFIEWLLAG
secuencia_589,HSQGTFTSDYSKYLDSERARDFVPWLVAGG
secuencia_590,HSIGTFTSDYSKYLDSERTRDFVQWLVAGG
secuencia_591,YSEGTFTSDYSKLLERRAIDEFVNWLLKGGPSSGAPPPS
secuencia_592,HSQGTFTSDYSKYLDSERARDFVQWLISEGPSLGAPPPS
secuencia_593,HSQGTFTSDYSKYLDSRRAEDFVQWLVAGVSGSGSG
secuencia_594,HSIGTFTSDYSKYLDIRRASEFVQWLISE
secuencia_595,HSQGTFTSDYSKYLDSERARDFVQWLISEGPSSGWPPPS
secuencia_596,HSQGTFTSRYSKYLDSRCAAAFVQWLLNGGPSSGAPPPGCG
secuencia_597,HSQGTFTSDYSKYVDSEAASDFVQWLVAGGS
secuencia_598,HSQGTFTSDYSKYLDSERDRDFVQWLISEGPSSGAPPPS
secuencia_599,HAEGTGTSDVSAYLEGQAAKEFIAWLVKGR
secuencia_600,HSQGTFTSDYSKYLDSERAWDFVQWLISE
secuencia_601,HSQGTFTSDYSKYLDSIRARDFVQWLVAGG
secuencia_602,HSQGTFTSDYSKYLDSEAASDFVQWLLAGGSKLLD
secuencia_603,HSQGTFTSDYSKYLDSRCAMAFVQWLLNGGPSSGAPPPGCG
secuencia_604,HSQGTFTSDYSKYLMSRSARDFVQWLVAGG
secuencia_605,HSQGTFTCDYSKYLDHYHHHHHHHH
secuencia_606,HAEGTFTSDVSSYLSGQAAKEFIAWLVRGR
secuencia_607,HKQGTF
secuencia_608,HSQGTFTSDYSKYLDSERARDFVQWLISEGPSSGAPEPS
secuencia_609,HAEGTFTSDF
secuencia_610,HSQGTFTSDYSKYLDSRRASEFVQTLISEYY
secuencia_611,HSQGTFTHDYSKYLDSIRASEFVQWLISE
secuencia_612,HSQGTFTSDYSKYLDSRRASEFVQWLIDG
secuencia_613,HSQGTFTSDYSRYLDSRRVSEFVQWLISE
secuencia_614,YSEGTFTSDYSKLLEEEAVRDFICWLLAGGPSSGAPPPS
secuencia_615,HSQGTFTSDDSKYLDSIRASEFVQWLISE
secuencia_616,HSQGTFTSDYSKYLDSRKAAAFVQWLLNGGNSSGAPPPGEG
secuencia_617,HAEHT
secuencia_618,YSEGTFTLDYSKLLERQAIDEFVNWLLKGGPSSGAP
secuencia_619,HAEGTFMSDVSSY
secuencia_620,HSQGTFTSDYAKYLDSERARDFVQWLISE
secuencia_621,HSQGTFTSDYSKYLDSERAREFVQWLQAGG
secuencia_622,HPQGTFTSDYSKYLDSRRASEFVQWLIAE
secuencia_623,HSQGTFTSDYSKYLDSERARNFVQWLISEVH
secuencia_624,YSEGTFTSDYSKLLEEEAVRDFIEWLLAGEPSSGAPPPS
secuencia_625,HLQGTFTSDYSKYLDSRRASEFVQWLISE
secuencia_626,HSQGTFTSDYSEYLDSDRARDFVQWLVAGG
secuencia_627,YSEGTFPSDLSILKEKEANREFVNWLLAGGPSSGAPPPS
secuencia_628,YSEGTFTSDLSILKEKEANREFVNWLLAGGPSSGKPPPSFL
secuencia_629,HSMGTFTSDYSVYLDSERM
secuencia_630,HAEGTFTSDVSSYLEGQAAKEFDAWLKGRYYYY
secuencia_631,HSKGTFTSDYSKYLDSERARDFVQWLISEGPSSGAPPPS
secuencia_632,YSQGPFTSDY
secuencia_633,HSQGTFTSDYSKYLDSRAAAKFVLWLLNGGPSSGAPPEGG
secuencia_634,YAEGTMTSDYSIY
secuencia_635,YAEGTFTSDYSIYLDEQAAQEFVNWLLAGGPSPGAPPPS
secuencia_636,HAEGTFFSDVSSYLEGQAAKDGAAAGGDDD
secuencia_637,HSQGTFTSDYSKYPDSERARDFVQWLISE
secuencia_638,HSQGTFWSDYSKYLDSRSAS
secuencia_639,HSQGTFLS
secuencia_640,HSYGTFTSDYSKYLDSERARDFVQWLISEHHH
secuencia_641,HSQGTFTSDYSKYLDSERARDFSEWLVAGGSY
secuencia_642,YAEGTVTSDYSIYLDDDGDDDDDDD
secuencia_643,HSQGTFTSDYAKYLESERARDFVQWLVAGG
secuencia_644,YSEGTFTSDYSKLLEEEAVRLFIEWLVAGP
secuencia_645,HSQGTFTSDYSKYLDRAVASDFVQWLVAGG
secuencia_646,HSQGE
secuencia_647,HSIGTFTSDYSKYLDSRRASENVQWLISEV
secuencia_648,YSWGTFTSDYSKYLEEEAVRLFIEWLLAG
secuencia_649,HADGTFCSDVSAYLKEQAIKDFVAKLKAGQ
secuencia_650,HSQGTFTSDYSKYLDSERAKDFVAWLVAGG
secuencia_651,AAEGTFTSDYSIYLDEIAAQEFVNWLLAGGPSSGAPPPSY
secuencia_652,HSQGHFTSDYSKYLDSERARDFVQWLVAGG
secuencia_653,HSQGTFTSDYSKYLDGERARDFVQWLISEGPSSGAPPPSS
secuencia_654,YSEGTFTSDYSKLLERQAIDEFQNWLLKGGPSSGAPPPSSG
secuencia_655,HSQGTFTSDYSKV
secuencia_656,HSIGTFTSDYSKYLKSERARDFVQWLVAGG
secuencia_657,HSQGVFTSDYSKYLDSRSASDYYYYYYYYYY
secuencia_658,HSQGTSTSDYSKYLDSRKAAAFVQWLLNGGPSSGAPPPGEG
secuencia_659,HSQGTETSDYSRYLDSRRA
secuencia_660,HADGTFTSDVSAYLKEPAIKDFVAKLKAGQ
secuencia_661,HSQGCFTSDYSKYLDEAAASDFVQWLVAGG
secuencia_662,HGEGTFTSDVSSYMERQSVDEFIAWLLKVR
secuencia_663,YAETTFTSDYSIYLDIKAAY
secuencia_664,HAEGTYTSDVSSYLEGQAAKEFIAWVKGR
secuencia_665,HSQGTFTSDYSKYLDSRKAACFVQWLLNGGPSSGAPPPGEG
secuencia_666,HSQGTFTSDYMKYLDSRRAEDFVQWLVAGGSGSGSG
secuencia_667,HSQNTFTSDYSKYLDSERARDFVAWLVAGG
secuencia_668,TSEGTF
secuencia_669,HSQGTFTTEYSKYLDS
secuencia_670,HSIGTFTSDYSKYLDSRRASEFVQWLIWE
secuencia_671,YSEGTFTSDYSKLLEEEAHRLFIEWLH
secuencia_672,HSQGTFTSDYSKYLDSRCAAAFVQWLLNGGPSSNAPPPGCG
secuencia_673,HADGTFTLD
secuencia_674,HSQGTFTSDYSKYLDSRAAAKFCQWLLNG
secuencia_675,HSQGTHTSDYSKYLDSRAASEFVQWLISEVV
secuencia_676,LHAEGTFTSDVSQYLEGQAAKEFIAWLVKGRGS
secuencia_677,HSQGTFTSDYSKYLDSRRASEFVQWNISG
secuencia_678,HSQGTFTSDYSVYLDSIRASEFVQWLISEYY
secuencia_679,HSIGTFTSDYSKYLDSERARDFVQWLVADGTTTT
secuencia_680,HSIGTFTSDYSKYLDSRRASEFVQWLQSE
secuencia_681,HSQGTFTSDYSKYLDKRR
secuencia_682,HSIGTFTSDYSKYL
secuencia_683,SSEGTFTSDYSKLKEEEANRLFIEWLLAGGPSSGAPPPS
secuencia_684,HTDGTFTSDVSAYLNDRAVKEGVARLKSGQ
secuencia_685,YAEGTFTSDYSIYLDKQAAYEMVNWLLAGGPSSGAPPPS
secuencia_686,HSYGTFTSDYSEYLDSRRASEFVQWLISE
secuencia_687,HSMGTFTSRYSKYLDSERARDFVQWLVAGG
secuencia_688,HSQGTFTSDYSKYLESERARDFVQWLVASG
secuencia_689,HSQGTFTSDYSKYLDSRWASEFVQWLISE
secuencia_690,HSQGTFTSDYSKYLDSRCAAAFVQWLLNGGPSSGAPYPGCG
secuencia_691,YAEGTFTSDYSIYLDEIAAQEFVNWLLAGPPSSGA
secuencia_692,HSQGTFTSDYSKTLDSERARDFVQWLVAGG
secuencia_693,YAEGTFTSDYSIYLDIQAAQEYYYYYYYY
secuencia_694,HSQGTFTSDYSKYLDYRAAAKFVQWLLNGGPSSGAPP
secuencia_695,YAEGTFTSDYSIYLDEIAAQEFVNWLLAVGPSSGAPPPS
secuencia_696,HGEGTFTSWVSSY
secuencia_697,HSQGTFTSDYSKYLDSRRASEFVQWLISLH
secuencia_698,HSQGTFTSDYSPYLDSRRASEFVQWLISE
secuencia_699,HSQGTFTSDYSKYLEEEAVRLFINWLMNT
secuencia_700,HAEGTFTSDNSS
secuencia_701,HSQGTFTSDYSKYLRRAAASDFVQWLVAGG
secuencia_702,HSQGTFGSDYSK
secuencia_703,YSEGTFTSDYSKLKEEEANRLFIEWLLAGGPSSGAFPPS
secuencia_704,HSQGTFTSDYSKYLDSEAAACFVQWLLNGGPSSGAPPCGGS
secuencia_705,HSYGTFTSDYSKYLDSEAASDFVQWLVAGG
secuencia_706,HSQGTFTSDYSKYLDSRAAFCFVQWLLNGGPSSGAPPCGG
secuencia_707,YSQGTFTSDYAKYLEEEAVRLFIEWLLAG
secuencia_708,YSEGTFTSDYSKLLEKEAVRDFIEWLLAGGPSSGAPPPS
secuencia_709,YSEGTFTSDYPKLLEEEAVRLFIEWLVKGP
secuencia_710,HSQGTFTSEYSKYHDSERARDFVQWLV
secuencia_711,HSQGTFTSDYSKYLDSRAAAKFVQWLLNGGPSSGAPVE
secuencia_712,HSQGTFGSDYS
secuencia_713,HSQGTFTSDYEKYLESERAHHHHHHHHHH
secuencia_714,HSQGTFTSDYSEYLDSRRASEFVQWLISN
secuencia_715,YAEGTFTSDYSIYLDIIAAQEFVNWLLAGGPSSGAPPPSAE
secuencia_716,HSQGTFESDYSKYLDSRCAAAFVQWLLNGGPSSGAPPPGCG
secuencia_717,HSQGTFSSEYSKYLDSERARDFEYGGGGGGGG
secuencia_718,HSQGTFTSDYSKYLDSERARDFVQWFISEG
secuencia_719,HADGTFTSDVSAYLKEQAGKDFVAKLKAGQ
secuencia_720,HSQWTFTSDYSKYLDSRAAACFVQWLLNGGPSSGAPPCGG
secuencia_721,HLEGTFTS
secuencia_722,NSEGTFTSDLSILKEKEANREFVNWLLAGGPSSGAPPPS
secuencia_723,HSQGTFTSEYSRYLDSERARDFVQWLVAGG
secuencia_724,HSQGTFTSDYSKYLDSRSARDFVQWLVAGH
secuencia_725,YTEGTF
secuencia_726,HWQGTFTSDYSKYLEEEAVRLFICWLMNT
secuencia_727,HSQGTFTSDYSKYLDSEAAQDFVQWLVAGG
secuencia_728,HWEGTFTSDVSAYLEGQAAKEFIAWLVKGR
secuencia_729,HSWGTFTSDYSKYLDSRRA
secuencia_730,HSQGTFTSDFSKYLDSERNNNNNNNNNN
secuencia_731,HSPGTFTSDYSKYLDSEAASDFVQWLVAGG
secuencia_732,QSQGTFTSDYSKYLDSERASEFDDDDDDDDDD
secuencia_733,YAEGTFTSDYSIYLDRQAAQEFVFWLLAGGPSSGAPPPS
secuencia_734,YAEGTFWSDYSIY
secuencia_735,HSQGTFTSDYSKYLDSRCAAAFVQWLLNGGPSSGQPPPGCG
secuencia_736,LHAEGTFTSDVSSYLEGQLAKEFIAWLVKGRG
secuencia_737,HAEGTFTSDVSSYEEGQV
secuencia_738,HSQGTFTSDYSKYLDSRHASEFVQWLISEVDD
secuencia_739,HSQGTFTSDYFKYLDS
secuencia_740,HSQGTFTSDYSEYLDSERARDNVQWLVAGG
secuencia_741,HSQGTFTSDYSKYLDSRRAEDFVKWLVAGGSGSGSG
secuencia_742,HSQGTFTSDYEKYLDSIRASEFYYYYYYYYYY
secuencia_743,HSQGTFTSRYSKYLEEEAVRLFICWLMNT
secuencia_744,HSQGTFRSDYSKYLD
secuencia_745,HSIGTFTSDYSKYSDSERARDFVQWLVAGGDDDD
secuencia_746,HSQGTFTGEYSKYLDSERYYYYYYYYYY
secuencia_747,HSQGTFTSDYSW
secuencia_748,HAAGTF
secuencia_749,HAEGTFFSDVSSYLEGQAAKEFIAWLVRGR
secuencia_750,LIAEGTFTSDVSSYLEGQAAKEFIAWLVKGRG
secuencia_751,HSQGTFTSDYSKYLDSRAAACFVQWLLNGGPSSGAPPWGG
secuencia_752,HSQGTFTSDYSKYLDSRSASDFVQWLCAGG
secuencia_753,YSENTFTSDYSKLLERQAIDEFVNWLLKGGPSSGAPPPS
secuencia_754,HGEGTFTSDVSSYMERQSVDEFIAMLLKGR
secuencia_755,HSQGTFTSDYSKYLDSERARDFVSWLISEYYY
secuencia_756,HSQGTFTSDYSKYLDMIRASEFVQWLISE
secuencia_757,HAEGTFTSDVSAYLEGQAAKEFIAWLVKPRHHH
secuencia_758,HSQGYF
secuencia_759,HSQGTFNSDYSKYLDSRCAAAFVQWLLNGGPSSGAPPPGCG
secuencia_760,YAEGTFTSDYSIYLDEQAAQEFVNWLLASGPSSGA
secuencia_761,HSQGTFTSMYSKYLDSERARDFVQWLVAGG
secuencia_762,HAEGTFTSDVSAYLEGQAAKEQIAWLVKGR
secuencia_763,HAEGTFTCDVSSYLEGQAAKEFIAWLKGR
secuencia_764,HAEGTFTSDVSMYLEGQAAKEFIAWLKGR
secuencia_765,HAEGTFTSDVSSYLEGQAAKEFIAWLKWR
secuencia_766,HSQGFFTSDYSKYLDSERARDFVQWLVAGG
secuencia_767,YAEGTFTSDYSIYRDKQAAYEFVNWLLAGGPSSGAPPPS
secuencia_768,HSQGTFTSDYSKYLDSRRWSEFVQWLISG
secuencia_769,YSEGTFTSDYSKLLERQSIDEFVNWLLKGG
secuencia_770,YAEGTFTSDYPIYLDIKAAQEFVNHHHHHHHHHH
secuencia_771,HSQGTFTSDYSEYLDSERAIDFVQWLVAGG
secuencia_772,HSQGTFTSEYSKYLDNERARDFVVVVVVVVVVV
secuencia_773,HSQGTFTSDYSKYLVSEAASDFVQWLVAGG
secuencia_774,HSQGTFTSDYSKYLDSRRASEVVQWLISEVWLIS
secuencia_775,HSMGTFTSDFSKYLDSERARDFVQWLVAGG
secuencia_776,HSQGTFTSDYSKYLESERARDFVQWLVLGGSKâ€“
secuencia_777,HSQGTFTSDYSKYLDSERARDFQEWLVAGG
secuencia_778,HAEGTFTSDVSSYLEGQAAKEFIHWLKGR
secuencia_779,YAEGTFTSDYSIYLDRQAAQEFVNWLLAGGISSGAPPPS
secuencia_780,VSQGT
secuencia_781,HSQGTFTSDYSKYLDSIRASEFRQWLISE
secuencia_782,HSMGTFTSDYSKYLDSERARDFVQWEVAGG
secuencia_783,HSQGTFTSDYSKYLDSRRAHDFVQWLVAGGSGSGSG
secuencia_784,HTRGTFTSDVSAYL
secuencia_785,HSQGTPTSDYSKYLDSRAAAKFVQWLLNGGPSSGAPPEGG
secuencia_786,HAEGTFTSQVSSYLEGQAAKEFIAWVKGR
secuencia_787,HSQGTFTSDYSKYLDSRSASDFVQWLVPGGDDDDDDDD
secuencia_788,HSQGTFTSEYSKYLDSERARDFVQWLLAGG
secuencia_789,YAEGTFTSDYSIYLDKQAAYEFVNWLLEGGPSSGAPPPSA
secuencia_790,HYQGTFTSDY
secuencia_791,HSQGTFTSDYSKYLEIERARDFVQWLVAGG
secuencia_792,ESEGTFTSDLSILKEKEANREFVNWLLAGGPSSGAPPPS
secuencia_793,HSQGTFTSDYSKYLDSASASDFVQWLAAGG
secuencia_794,YSEGTFTSDYSKLKEEEANRLFIEWHLAGGPSSGAPPPS
secuencia_795,YSEGTFTSDLSILKEKEANREFVNWLLAGGPSFGAPPPS
secuencia_796,HSMGTFTSDYSKYLDSEQARDFVQWLVAGG
secuencia_797,HSQGTFTSDYSKYLDSRAASEFPQWLISE
secuencia_798,HSQGIFTSDYSEYLDSRRASEFVQWLISE
secuencia_799,HSQGTFTSDYHKYLDSRRASEFVQWLISE
secuencia_800,HSQGTFTSDYSKYLDSEFASDFVQWLVAGG
secuencia_801,HSQGTFQSDYSKYLDEAAASDFVQWLVAGGDD
secuencia_802,HSQGTFTSDYSKYLDRAAASDFVCWLVAGG
secuencia_803,HSQGTFTSDYSKYLDSERARDFVQWLQSEGPSSGAPPPSSS
secuencia_804,HSQGTFTSDYWKYLDSRRASEFVQWLISG
secuencia_805,HGEGTFTSDVSSWMESQLVDEFIAWLLKGR
secuencia_806,HSQGTFTSDYSKYLDSRAAACFVQWLLNGGPSLGAPPCGG
secuencia_807,HSQGTFTSEYSKYLDGERARDYYYYYYYYYY
secuencia_808,YSQLTFTSDYSKY
secuencia_809,HSMGTFTSDYSKYLDSERARDEVQWLVAGG
secuencia_810,HSQGTFTSDYSKYLDSRAAACFVQWLLNGGPSSM
secuencia_811,HSMGMFTSDYSKYLDSERARDFVQWLVAGG
secuencia_812,NSQGTFTSDYSKYLESERARDFVQWLVAGG
secuencia_813,HSMGTFTSDYSNYLDSERARDFVQDDDDDDDDDD
secuencia_814,YAEGTFTSDYSIYLDIKAAQEFVNQYYYYY
secuencia_815,HSQGTFTSDYCKYLDSERARDYYHHHHHHHH
secuencia_816,YAEGTFTSDYSIYLDEIAAQEFVNWLCAGGPSS
secuencia_817,HSQGTFTSDYSKYRDSRAASEFVQWLISEYYY
secuencia_818,HSQGTFTSEYSKILDSERARDFVQWLVAGGDD
secuencia_819,HSQGTFTSQYSKYLDSRSASDFVQWLVAGGSKLDS
secuencia_820,HSQGMFTSDYSKYLDSASASDFVQWLVA
secuencia_821,HSQGTFTSDYSKYLDSRAAACFVQWLLNGGPSSF
secuencia_822,HSQGTFTSDYSKYLDLRRASEFVQWLISE
secuencia_823,YSEGTFTSDYSKLLEEEAVRDWIEWLLAGGPSSGAPPPS
secuencia_824,HSQGTFTFDYSKYLDSERASEFVQWLISEHHH
secuencia_825,YAEGTFTSDYSIYLDRQAAQEIVNWLLAGGPSSGAPPPS
secuencia_826,HSQGTFTSDYSKYLDSRRN
secuencia_827,YAEGTFTSDYSINLDKQAAYEFVNWLLAGGPSSGAPPPSAG
secuencia_828,HSQGTFTSDYSYYLDSRAASEFVQWLISEHHH
secuencia_829,HSQGTFTSDYWE
secuencia_830,HSQGTFTSDYSKQLDSRAASEFVQWLISE
secuencia_831,HSQGTFTSDYSKYLDSRSARDFLQWLVA
secuencia_832,HAEGTFTSDVCAYLEGQAAKEFIAWLVKGR
secuencia_833,HSQGTFTSDYSKYLDSRCAAAFVQWLLIGGPSSGAPPPGCG
secuencia_834,HSQGTCTSDYSKYLDSERASEFVQWLISEDD
secuencia_835,YPEGTFTSDYSIYLDRQADDDDDDDDDD
secuencia_836,HSQGTFTSDYSKHL
secuencia_837,HSQGTFTVDYSKYLDSASASDFVQWLVAGG
secuencia_838,HSQGTFTSDYSKYLDEAFASDFVQWLVAGG
secuencia_839,HSMGTFTSDYSKYLDSERARDFVFWLVAGG
secuencia_840,HSQGGFTSDYSKYLDRAAASDFVQWLVAGGD
secuencia_841,HSQGTFTSMYSEYLDSERARDFVQWLVAGG
secuencia_842,HFQGTFTSDYSKYLDSASASDFVQWLVAGGCCCC
secuencia_843,YSQGTFTSDYSKYLEEEAVRLFIEWLRAG
secuencia_844,HSQGTFTSDYSKVLDHHHHHHHHH
secuencia_845,HGEGTFTSDVSSYKESQLVDEFIAWLLKGR
secuencia_846,HSMGTFCSDYSKYLDSERARVEHAVVVV
secuencia_847,YSEGTFTSDYSKLKEEEANRLFIEWLLAPGPSSGAPPPS
secuencia_848,HSQGTFTSDYSKYLDEAAASDFAQWLVAGGS
secuencia_849,LHAEGTFTSDVSLYLEGQAAKEFIAWLVKGRG
secuencia_850,HSQGTFTSDYSKYLDSEAASDFWQDDDDDDDDDD
secuencia_851,HSQGTFTSDYSKYLDRAAASIFVQWLVAGG
secuencia_852,HSQGTFTSDYSKYLDSFRARDFVAWLVAGG
secuencia_853,HAEGTFTSDVSSYLEGQAAKEFISWLVGRHHHHH
secuencia_854,HSQGTFTSDYSKYLDSCSARDFVQWLVAGG
secuencia_855,HSQGTFPSDYSEYLDSERARDFVQWLVAGG
secuencia_856,HAEGTFTSDVSAYDEGQAAKEFIAWLVKGRHHHH
secuencia_857,HSQGTFTSDYSKYLDSRKAAAFVQWYLNGGPSSGAPPPGEG
secuencia_858,HSQGTFTSDYSRYLDSRRASEFVQWLIAE
secuencia_859,HSQGTFTSDYSKYLFRAAASDFVQWLVAGG
secuencia_860,HSQGTFTWDYSKYLDSRSASDFHV
secuencia_861,HSQGTFTSDYSKYLDSASASDFVQWLVAGYYYY
secuencia_862,HGEGTSTSDV
secuencia_863,HSQGTFTSDYSKYLDSERARDFVEWLVDGG
secuencia_864,HSQGTFTSDYSKYLDRAAASDFVQPLVAGG
secuencia_865,HAEGTFTSDVSSYGEGQAAKEFIAWLVGRHHHHH
secuencia_866,HSQGTFTSDYSKYLDSRAAACFVQWLLNGGPSSGAPPKGG
secuencia_867,YSEGTFTSDYSKLLEEEAVRDFIEWLLAGGPSSGAPPPV
secuencia_868,HSQGTFTTDYSEYLDSERARDFVQWLVAGG
secuencia_869,HSQGTFTSDYSFYLDSRSASDFVQWLVAGG
secuencia_870,HSQGTFTSAYSKYLDEAAASDFVQWLVAGG
secuencia_871,HSQGTFTSDVSKYLDSRSARDFVQWLVAGG
secuencia_872,HSQGCF
secuencia_873,HAEGTFTSDVSSYLEGQAAKSFIAWLKGR
secuencia_874,YAEYTFTS
secuencia_875,YAEGTFTLDYSIYLDKQAAYEFVNWLLAGGPSSGAPPPS
secuencia_876,YAEGTFTSDYSIYLSEIAAQEFVNWLLAGGPSSGAPPPSAE
secuencia_877,HAEGHFTSDVSSYLEGQAAKEFIAWLVGR
secuencia_878,YSQGTGTSDYSKYLEEEAVRLFIEWLLAG
secuencia_879,HSQGTFTSDYSEYLDSRRASEFVQELISE
secuencia_880,HGHGTFTSD
secuencia_881,YSEGTFTSDISKLLEEEAVRDFIEWLLAGGPSSGAPPPSY
secuencia_882,HSQGTFTSDYSKYLDSRPASEFVQWLISG
secuencia_883,HGEGTFTSDVSSYMESQLVDEFIAELLKGR
secuencia_884,HSQGTFTSDYSKYLDRAAASDIVQWLVAGG
secuencia_885,HSQGTFTSDYSKYLEEEAVRLFICWLMHTHHHH
secuencia_886,YSEGTFTSDMSKLLERQAIDEFVNWLLKGGPSSGAPPPS
secuencia_887,HSQGTFTSDYSPYLDSRSARDFVQWLVAGG
secuencia_888,HSQGTFTSNYSKYLDSIRASEFVQWLISEVVVVVV
secuencia_889,HSQATFTSDYSKYLDSRRASEFVQWLISG
secuencia_890,LHAEGTFTSDVSSYLDGQAAKEFHHHHHHHHHH
secuencia_891,HTDGTFTSDVSAYSNDRAVKEFVARLKSGQSAYSSSS
secuencia_892,HSQGTFTSDYSMYLDSERAREFVQW
secuencia_893,YSEGTFTSDLSILKKKEANREFVNWLLAGGPSSGAPPPS
secuencia_894,YAEKT
secuencia_895,HSQGNFTSDYSKYLDSIRASEFVQWLI
secuencia_896,HSQGTFTSDYSKD
secuencia_897,YAEGTFTSDYSIYLDEIAAQEFVNWCLAGGPSSGAPPPS
secuencia_898,YAEGFF
secuencia_899,HAEGTFTSDVSSYLEGQRAKEFIAWDDDDDDDDDD
secuencia_900,HSQGTFTSDYSKYLDSRAASEWVQDDDDDDDDDD
secuencia_901,QGEGTFTSDVSSYMERQSVDEFIAWLLKGR
secuencia_902,YAEGTFVS
secuencia_903,HAEGTFTSDVSSYLEGQAAKEFIAWLVRGLYYYYY
secuencia_904,HSQGTFTSDYSKYLDRAAASDFVQWLVLGG
secuencia_905,HSQGTFTWDYSE
secuencia_906,YSEGVFTSDYSKLLEEEAVRDFIEWLLAGGPS
secuencia_907,YNEGTFTSDYSIYLDKQAAEAFVNWLLAGGPSSGAPPPS
secuencia_908,YAEGTFTSDYSIYLDIKAAQEFVNWLLAGGSSSGAPPPS
secuencia_909,HSQGTFTSDYSKYLDSEAASDFVQWLVALG
secuencia_910,PTDGTFTSDVSAYLNDRAVKEFVARLKSGQ
secuencia_911,LHAEGTFTSDVSSWLEGQAAKEFIAWLVKGRG
secuencia_912,YSEGTFTSDYSKLLERQAIDEFVNDLLKGGPSSGAPPPS
secuencia_913,HSQGTFTSDYSKYLDSAEASDFVQWLVAGG
secuencia_914,HAEGTFTSDVSSYLEGQAAIEFIAWLVGR
secuencia_915,YSEGTFTSDYSKLKEEEANRLFIEWLLAGGPSSHAPPPS
secuencia_916,HSQFTFTSDYSKYLESERARDFVQWLVAGGDDDD
secuencia_917,YSQGSFTSDYSKYLEEEAVRLF
secuencia_918,HGQGTFTSDYSK
secuencia_919,YAEGTFFSDYSIYLDEIAAQEFVNWLLAGGPSSGAPPPS
secuencia_920,HSQGTFTWEYSKYLDSERARDFVQWLVAGG
secuencia_921,HAEGTFTSDVSSYLEGQAAKEFIAWAKGRHHHH
secuencia_922,HSQGTFTSRYSKYLDSRAH
secuencia_923,HSMGTFTSDYSKYLDSERARMFVQWLVAGGDDDD
secuencia_924,YAEGAFTSDYSIYLDRQAAQEFVNWLLAGGPSSGAPPPS
secuencia_925,HSQGTFTSDYSKYLDSRSARDFVQWLVEGG
secuencia_926,HAEGTFTSDVSSYLEGQAAKEFFAWLKGR
secuencia_927,HSQGFFTSDYSEYLDSERARDFVQWLVAGG
secuencia_928,HSQGTFTSDYSKYLDSERARDFVQRLISE
secuencia_929,YSEGTFTSDYSKLLERQAIIENNNNNNNNNN
secuencia_930,HSQETFTSDYSKYLDSRCAAAFVQWLLNGGPSSGAPPP
secuencia_931,HSQGTFTSDYSKYLDSRAAACFVQWLLNGGPSSGAPPCGKS
secuencia_932,HAEGCFTSDV
secuencia_933,YSEGTFTSDLSILKEKEANREFVNWLLTGGPSSGAPPPS
secuencia_934,HSQGTFTSDYSKYLDSRCASEFVQWLISEV
secuencia_935,HADGTFTSDVSAYLKEQAIKPFVAKLKAGQ
secuencia_936,HSQGTFTSDYSKYLDSERARDFVAWLVHGG
secuencia_937,YSEGTFTADYSKLLEEEAVRLFIEWLVHHH
secuencia_938,YAEGTFTSDYSIYLDKQAAEAFVNWDLAGGPSSGAPPPSAE
secuencia_939,YAEGTFTSDYSIYLDRGAAQEFVNWLLAGGPSSGAPPPS
secuencia_940,HSQGTFTSFYSKYLDSERARDFVQWLVAGG
secuencia_941,YSEGTFTSDCSKLLEEEAVRLFIEWLVKGP
secuencia_942,HSQGTFTSDYSKYLDSEQAREFVQWLVAGG
secuencia_943,HSHGTFTSDYSKYLDSRRAEDFVQWLVAGGSGSGSG
secuencia_944,HTDGTFTSDVSAYLNDRAVKAFVARLKSGQ
secuencia_945,HSQGTFE
secuencia_946,HVDGTFTSDVSAYLNDRAVKEFVARLKSGQ
secuencia_947,HSQGTFTSDDSKYLDSERARDDDDDDDDDD
secuencia_948,HADGTFD
secuencia_949,YSEGTFTSDYSKLLEHEAVRDFIEWLLAGGPSSGAPPPS
secuencia_950,HSPGTFTSDYSKYLDRAAASDFVQWLVAGG
secuencia_951,YSEGTFTSDYHKLLENNNNNNNNNN
secuencia_952,HSQGTFTSDYSKYLDSERARSFVAWLVAGG
secuencia_953,HSQGTFTSDYSEYLEEEAVRLFICWLMNT
secuencia_954,YAEGTFTSDYSIYLDKQAAEAFVNWLLAGGPSSGAPPWS
secuencia_955,HSQGTFTSDYSKYLDSRAAATFVQWLLNGGP
secuencia_956,HSEGT
secuencia_957,HAEGTFTSDVSAYLEGQMAKEFIAWLVKGR
secuencia_958,HSQGTFTSDYSKYLDSEAASDFVQWLVLGG
secuencia_959,HSQGTFTSDYSKYLDSRCAAAFVQWLLNGGPFSGAPPPGCG
secuencia_960,HPQGTFTSDYSKYLDAAAADDDDDD
secuencia_961,HSQGTFTSEYSKYLDSESARDFVQWLVAGG
secuencia_962,HAEGV
secuencia_963,HSQGTFTSDYSKYLDSRRASFFVQWLIAE
secuencia_964,YSQGTFTSDYQKYLEEEAVRLFIEWLLAG
secuencia_965,HSQGTFLSDYSEYL
secuencia_966,LHAEGTFTSDVSSYLEGQAAKEFIAWLQKGRG
secuencia_967,HSQGTFTSDYSKGLDSRRASEGGGGGGGGGG
secuencia_968,HSQGTFTSDYSKYLDSRSARDFVSWLVAGG
secuencia_969,YACGTFTSDYSIYLDRQAAQEFVNWLLAGGPSSGAPPPS
secuencia_970,HGEGTFTSDVSSYMESQLVDEFNAWLLKGR
secuencia_971,YAEGTFGSDYSIYLDKQADHHHHH
secuencia_972,HGEGTFTSDVSSYMKSQLVDEFIAWLLKGR
secuencia_973,QAEGTFTSDYSIYLDIKAAQEFVNWLLAGGPSSGAPPPS
secuencia_974,YSEGTFTSDYSKLLEEEAVRLFIEWCVKGP
secuencia_975,HSQGTFTKDYSKYLDSERARDFVQWLVAGG
secuencia_976,HSIGTFTSDYSKYLDSHRARDFVQWLVAGG
secuencia_977,HSQGTFTSEYSK
secuencia_978,HSMGTFTSDYSKLLDSERARDFVQWLVAGG
secuencia_979,HSQGTFTSDYSEYLDSRRASEFVQILISES
secuencia_980,YSEGTFTSDYSKLLEEEAVGDFIEWLLAGGPSSGAPPPS
secuencia_981,YSQGTFTSDYSKYLEEKAVRLFIEWLLAG
secuencia_982,HSQGTFTSDYSKYLDSRAASEFVPWLISE
secuencia_983,HTDGTFWSDVSAY
secuencia_984,HSQGTFTSDYSKYLECERARDFVQWLVAGG
secuencia_985,HAEGTFTSDVSAWLEGQAAKEFHHHHHHHHHH
secuencia_986,HSQGTFTSDYSKYLDSEPARDFVQWLISEGPSSGAPPPSS
secuencia_987,HAEGTFTSDVVSYLEGQAAKEFIAWVKGRHHHHH
secuencia_988,YAEGTFTSDYSIYLDKQAAYEFVNWLLAGGPSSGAFPPS
secuencia_989,HSQGTNTSDYSKYLDRAQHHHHHHHH
secuencia_990,YSEGTFTSDLSILKEKEANREFVNWLLACGPSSGAPPPS
secuencia_991,HSQGTFTSDYSEYLDSNRASEFVQWLISEDDD
secuencia_992,HSQGTFTSDYTKYLDSRKAAAFVQWLLNGGPSSGAPPPGEG
secuencia_993,YAEMTFTSDYSIYLDKQAAYEFVNWLLAGGPSSGAPPPS
secuencia_994,HAEGLFTSDVSSYLEGQAAKEFIAWLVRGR
secuencia_995,HSQGTFTSDYSRYLDSRIASEFVQWLISEVYY
secuencia_996,HSQGTFKSDYSEYLDSRRADDDDDDDDDD
secuencia_997,HSQGTFTSDPSKYLDSERARDFVAWLVAGG
secuencia_998,MSQGTFTSDYSRYLDSRRASEFVQWLISE
secuencia_999,HSQGDFTS
secuencia_1000,HTDGTFTSDVSAYLNDRAVKPFVARLKSGQYYYYY
secuencia_1001,HSQGTFKSDYSKYLDSRRASEFVQWLIAE
secuencia_1002,HSQGTFTSDYSKYLDSRRASEFVQWLTAE
secuencia_1003,HLDGTFTSDV
secuencia_1004,YAEGTFTSDYSIYLDKQAAEAFVNWLLWGGPSSGAPPPS
secuencia_1005,HSQGTVTSDYSKYLDSRKAAAFVQWLLNGGPSSGAPPPGEG
secuencia_1006,LHAEGTFTSDVSSYLEGQAAKEFIAWLVKKRG
secuencia_1007,YSEGSFTSDYSKLLERQAIDEFVNWLLKGGPSSGAPPPSS
secuencia_1008,HDQGTFTSDYSEYLDSERARDFVQWLVAGG
secuencia_1009,HSQGTFTSDYSKYLEEEAVRLFICWLMKT
secuencia_1010,LSQGTFTSDYSKY
secuencia_1011,RAEGTFT
secuencia_1012,HSQGTFTSDYSKYLDSRAASEMVQWLISE
secuencia_1013,HSQGTFTSDYSKYLDSRKAAAFVQWLLNGGPSSGAWPPGEG
secuencia_1014,HSQGTFTSDYSKYLEEESVRLFICWLMNT
secuencia_1015,HGEGTFDSD
secuencia_1016,YSQGTFTSDYSKQLEEEAVRLFIEWLLAG
secuencia_1017,HSQGTFTSDYSKYLDMRAAAKFVQWLLNGGPSSGAPPEGG
secuencia_1018,HSQGTFTSDYSKYLDSERARDFVQWLLAGG
secuencia_1019,HSQGTFKSDYSKYLDEAAASDFVQWLV
secuencia_1020,HTDGTFTSDVSAELNDRAVKEFVARLKSGQ
secuencia_1021,YAEGRFTS
secuencia_1022,HAEGTFMSDVSSYLEGQAAKEFIAWLKGR
secuencia_1023,HAEGTFTSDVSSYLEGQAAKEFIAWVKWRHHH
secuencia_1024,YQQGTFTSDYSKYLEEEAVRLFI
secuencia_1025,HSQGTFTSDYSKYLHRAAASDFVQWLVAGG
secuencia_1026,HSQGTFTSDYSKYLMSR
secuencia_1027,HSIGTFTSDYSKYLDSRRASEFVQPLISEYY
secuencia_1028,HAEDTFTSDVSSYLEGQAADDDDDDDDDD
secuencia_1029,HSQGTFTSDYSKYLDSRAASEFVQWLICE
secuencia_1030,HGEGTFTSDVSKYMERQSVDEFIAWLLKGR
secuencia_1031,HSQGTFTSDYWKYLDSRR
secuencia_1032,HSQGTFTSDYSKGLDSRRASEFVQWLIAEHHH
secuencia_1033,HSQGTL
secuencia_1034,HQQGTFTSDYSKYLDSRAAAYYYYYYYYYY
secuencia_1035,HSQGTFTSDYSKYLDSRAASEFAQWLISEAH
secuencia_1036,YSEDTFTSDYSKLKEEEANRLFIEWLLAGGPSSGAPPPS
secuencia_1037,HAVGTFTSDVSAYLEGQAAKEFIAWLVKGRYYYY
secuencia_1038,YSEGTFTSDYSKLLEEEAVRLFIEWLVKRP
secuencia_1039,YSEGTFTSDYSKLLEEEAVRDFIEWLRAG
secuencia_1040,TSQGT
secuencia_1041,HSQGTFTSMYSKYLDSRRASEFVQWLIAEVVVV
secuencia_1042,HSQGTFTSDYSEYCDSERARDFVQWLVAGG
secuencia_1043,HSQGTFTSDYSKYLDSRRAEDFVQWLVDGGSGSGSG
secuencia_1044,HSQGTFTSDYSKYDDSERARDFVQWLISEGPSSGAPPPSS
secuencia_1045,HKQGTFTSDYSKYLDSRCAAAFVQVY
secuencia_1046,HAEGTFTSDVGSYLEGQAAKEFIAWLVGR
secuencia_1047,PSQGTFTSDYSKYLEEEAVRLFY
secuencia_1048,HSIGTFTSDYSEY
secuencia_1049,HVQGTFTSDYSKYLDSRRAEDDDDDDDDDDD
secuencia_1050,YSEGTFTSDYSKLLEEEAARLFIEWL
secuencia_1051,LHAEGTFTSDKSSYLEGQAAKEFIAWLVKGRG
secuencia_1052,HSQGTFTSDYSKYLDSERARDFVAWLYAGG
secuencia_1053,HSIGTFTSDYSKYLDSERFRDFVQWLVAGG
secuencia_1054,HSQGTFTSDDSKYLDSRKAAAFVQWLLNGGPSSGAPP
secuencia_1055,HEQGTFT
secuencia_1056,HKQGTFTSDYS
secuencia_1057,HAEGTFTSDVSWYLEGQAAKEFIAWVKGR
secuencia_1058,KSQGTFTSDYSKYLDSRRASEFVQWLISE
secuencia_1059,HGAGTFTSDVSSYMERQSVDEFIAWLLKGR
secuencia_1060,HSQGTFTSDYSKYLDSRSAYDFVQWL
secuencia_1061,YAEGTFTSDYMIYLDIKAAQEFVNWLLH
secuencia_1062,YAEGTFTSDYNIYLDIKAAQEFVNWLLAGGPSSGAPPPS
secuencia_1063,YSQGTFTSDYSKYLEEEAVRLFHEWLLAG
secuencia_1064,YAEGTFTSDYSIYLDIKAAYEFVNWLLAGGPSSGAPPPS
secuencia_1065,YAEGTFTSDYSIYLDKQAAEAFRNWLLAGGPSSGAPPPS
secuencia_1066,HAEHTFTSDVSSYLEGQAAKEFIAWLVRGRYYYY
secuencia_1067,YAEGTFTSDYSIYLDKQAAEAFVNWPLAGGPSSGAPPPSAE
secuencia_1068,HSQGTFTSDYSKYLDGRA
secuencia_1069,HSQGTFTSDYSKYLDSRRSSEFVQWLISE
secuencia_1070,HSCGTFTSDYSKYLDSRRASEFVQWLISE
secuencia_1071,YAEGTFTSDYSIYLDEQAAQEFVNWLLAGIPSSGAPPPS
secuencia_1072,YAEGTFTSDYSIYLDRQAAQDFVNWLLAGGPSSGAPPPS
secuencia_1073,YAEGTFTSDYSIYLDELAAQEFVNWLLAGGPSSGAPPPS
secuencia_1074,HSQGTFTSDYSKYLDSERARDYVAWLV
secuencia_1075,LSEGTFTSDLSILKEKEANREFVNWLLAGGPSSGAPPPS
secuencia_1076,YSEGTFMSDY
secuencia_1077,HSQGTFTSDYSKYLDSERAIDFVQWLISEHH
secuencia_1078,HSQGVFTS
secuencia_1079,YAENT
secuencia_1080,YAAGTFTSDYSIYLDKQAAEAVYVEEEEEEE
secuencia_1081,YAEGTFTSDYSIYLDKQAATEFVNWLLAGGPSSGAPPPS
secuencia_1082,HSQGTFTSDYSKYKDSERARDFVEWLVAGGS
secuencia_1083,HSQGTFTSDYSEYLDSRRAYEFVQWLISEYY
secuencia_1084,HSQGTFTSDYSAYLDSRRASEFVQWLIAE
secuencia_1085,HSIGTFTSDYSKYLDSRRASPFVQWLISE
secuencia_1086,HSQGTFTSDRSEYLDS
secuencia_1087,YSQGTFTSDYSKYLEEEAVRLFIEGLLAG
secuencia_1088,HSQGTRTSDYSKYLDSERARDFHHHHHHHHHH
secuencia_1089,HAEGTFTSDVSAYLEGRAAKEFIAWLVKGR
secuencia_1090,HSQGTFTSDSSKYLDSERARDFVAWLVAGG
secuencia_1091,YAEGTFTRDYSIYLDRQAAQEFVVVVVVVVVVV
secuencia_1092,DSQGTFTSDYSKYLDSRSARDFVQWLVAGG
secuencia_1093,HSQGNFTSDYS
secuencia_1094,HSQGTFTSDYSKYLDSIRASEFVQWLISQHH
secuencia_1095,HSQETFTSDYSRYLDSRRDDDDDDDDDD
secuencia_1096,YAEGNF
secuencia_1097,HSQGNFTSDYSKYLEEEAVRLFICWLMNT
secuencia_1098,HAEGTFTSDVSSYLEGQAAKHFIAWLKGR
secuencia_1099,HSQGTVTSDYSKYLDSRSARDFVQWLVAGG
secuencia_1100,HSQGTQTSDYSEYLDSERARDFVQWLVAH
secuencia_1101,YSEGTFTSDLSIKKEKEANREFVNWLLAGGPSSGAPPPS
secuencia_1102,HSQGTFTSDYSRYLDSRSARDFVQWLVAGG
secuencia_1103,HSQGTFTSDYSKYLDSERARDFVEILVAGGS
secuencia_1104,YSQGTFTSDYSKYLEEEAVRLFINWLLAG
secuencia_1105,LHPEGTFTSDVSSYLEGQAAKEFIAWLVKGRG
secuencia_1106,YSEGTFTSDYSKLKEEEANRLFIEWLLAGGPSSVAPPPS
secuencia_1107,HSQGIFTSDYSKYLDSRRASEFVQWLISG
secuencia_1108,HSQGTFTSDYSKYLDSVRAREFVQWLVAGG
secuencia_1109,HIEGTFTSDVSSYLEGQAAKEFIAWLVGR
secuencia_1110,HSQGTFTSDISKYLDSRKAAAFVQWLLNGGPSSGAPP
secuencia_1111,HGEGTKTSDVSSYMERQSVDEFIAWLLKGR
secuencia_1112,HSQGTFTSDYGKYLDSRAAACFVQWLLNGGPSSGAPPCGG
secuencia_1113,HSQGTFTSDYSKYLDSIRAYEFVQWLISEYY
secuencia_1114,HSQGTFTSDYRKYLDSIRASEFVQWLISEV
secuencia_1115,HSQGTFTSDYSKPLDRAAASDFVQWLVAGG
secuencia_1116,HYQGTFTSDYSEYLDSRRASEFVQWLISE
secuencia_1117,HSQGTFTSDYSKYLDSRLAAKFVQWLLNGGPSSGAPPEGG
secuencia_1118,YAEGTCTSDYSIYLDEIAAQEFVNWLLAGGPSSGAPPPSY
secuencia_1119,HAEGQFTSDVSSYLEGQAAKEFIAWLVGR
secuencia_1120,YVQGTF
secuencia_1121,HSQGTFTSDTSKYLDSERAREFVQWLVAGG
secuencia_1122,HSQGTFTSDYSKYLDSRAASEFVQWLIAE
secuencia_1123,HSQGTFTSDYSKYLDSRSAMDFVQWLVAGGS
secuencia_1124,HSQGTFTSDYSGYLDSASASDFVQWLVAGG
secuencia_1125,HAEGTFWSDVSSYLEGQAAKEFIAWLVGRHHHH
secuencia_1126,HWDGTFTSDVSAYLKEQAIKDFVAKLKAGQ
secuencia_1127,YAEGTFTSEYSIYLDEIAAQEFVNWLLAGGPSSGAPP
secuencia_1128,HSQGTFTSDYSKYLDSERDREFVQWLVAGG
secuencia_1129,HSQGTFTSDYSEYLDSERAVDFVQWLVAGG
secuencia_1130,HSQGTFTSDYSKYLDSEWARDFVQWLVAGG
secuencia_1131,HGEGTFTSDVSSYMERQSGDEFIAWLLKGR
secuencia_1132,HSQGTFTSDYSKYLDEEYYYYYYYYYY
secuencia_1133,HSQGTFTKDYSKYLDSERARDFVQWLISEYYY
secuencia_1134,HSQGTFTSDYSKYLDSEAASFFVYY
secuencia_1135,HSQGTFTSDYSKYLDSNRASEFVQWLIAEVH
secuencia_1136,HGEGTFTSDVSSYMELQSVDEFIAWLLKGR
secuencia_1137,HSQGTATSDYSKYLDSERASEFVQWLISEHHH
secuencia_1138,HSQGTFTSDYSKYLDSWRASEFVQ
secuencia_1139,HSQGTFTSDYSKYLDSRRASEFVQWH
secuencia_1140,YAEGTFTSDYSIYLDEQAACEFHHHHHHHHHH
secuencia_1141,HADGTFTSDVSAYLKEQAMKDFVAKLKAGQ
secuencia_1142,HSQGTNTSEYSKYLDSERARDFVQW
secuencia_1143,HSQGTLTSDYSEYLDSERARDFVQWLVAGG
secuencia_1144,YSEGTFTSDYSKLLERQAYDEFVNWLLKGGPSSGAPPPS
secuencia_1145,YSEGTFTSDYSKLLEEEAVRLFQEWLVKGP
secuencia_1146,YSEGTFTSDYSKLKEEEANRCYYYYYYYYYY
secuencia_1147,HSQGTFTSDYSKYLDSRRAMDFVQWLVAGGSGSGSG
secuencia_1148,YSEGTFMSDYSKLLERQAIDEFVNWLLKGGPSSGAPPPS
secuencia_1149,HSIGTFTSDYSKYLDSERARDLVQWLVAGG
secuencia_1150,HAQGTFTSDVSSYLEGQAAKEYYYYYYYYYY
secuencia_1151,HSQGTFTSDYSMYLDSERAREFVQWLVAGG
secuencia_1152,YIEGTFTSDYSKLLERQAIDEFVNWLLKGGPSSGAPPPS
secuencia_1153,HSQYTFT
secuencia_1154,HSQGTFTSDYSKYLDSRCAAAFVQWLLNGGPSSHAPPPGCG
secuencia_1155,HDQGTFTSDYSKYL
secuencia_1156,HWIGT
secuencia_1157,HAEGTFTSDVSAYLEGQLAKEFIAWLVKGR
secuencia_1158,YAEGTFTSDYSIYLDRQAAQEFVNWLLAGGPSSGAPPKS
secuencia_1159,HSQGTFLSDYSKYLDSERARDFVAWLVAGGH
secuencia_1160,HSQGTFTSDYSKYLDSERASEFVPWLISEVDD
secuencia_1161,YAEGTFTVD
secuencia_1162,HAHGTFTS
secuencia_1163,HSQGTRTSDYSKYLDSRCAAAFVQWLLNGGPSSGAPPPGCG
secuencia_1164,HAEGTFTSPVSSYLEGQAAKEFIAWL
secuencia_1165,HSQGTFTSDYSKMLDSERARDFVAWLVAGGY
secuencia_1166,HSQGTFTGDYSRYLDSRRASEFVQWLISE
secuencia_1167,HSQGTFTSDYSKYLDEAAASDFVRWLV
secuencia_1168,HTDRTF
secuencia_1169,YSEGTFFSDYSKLLEEEAVRLFIEWLVKGP
secuencia_1170,HAQGTFTS
secuencia_1171,YSEGTFTSDYSKLLEEEAVRLFIEVLVKGP
secuencia_1172,MSQGT
secuencia_1173,YEEGTFTSD
secuencia_1174,HSQGTFTSEYSKYLDEERARDFVQWLVAGG
secuencia_1175,HSQGTFTSDYSKYLDSERARDFVQWLVSEGPSSGAPPPSSS
secuencia_1176,CAEGTFTS
secuencia_1177,HSQGTFTSDCSKYLDSRAAAKFVQWLLNGGPSSGAPPEGG
secuencia_1178,HAEGTFTSDVSSYLEGQAAKEFHAWGGGGGGGGGG
secuencia_1179,HSQGTFTSDFSKYLDEAAASDFVQWLVAGGYYY
secuencia_1180,HAQGTFTSDYSRYLDSRRASEFVQWLISE
secuencia_1181,HSQGLFTS
secuencia_1182,HSIGTFTSDYSKYLDSRRASEFVQWMISEV
secuencia_1183,WSQGTFTSDYSKYLDSRAAAKFVQWLLNGGPSSGAPPEGG
secuencia_1184,YSEGTFTSDYSKLLECQAIDEFVNWLLKGGPSSGAPPPSS
secuencia_1185,HAEGTFTSDVSSYLEGQAAKERIAWVKGR
secuencia_1186,HSQGTFTSDYSKYLDSERARDFVQWLISEGPSSGAPPPM
secuencia_1187,HSQGTFTSDYSKYLNSERARDFYGGGGGGGGG
secuencia_1188,YSEGTFTSDYSKLLEEEAVRLFIRWLVKGP
secuencia_1189,HSQGLFTSDYSKYLDSRRASEFVQWLIAE
secuencia_1190,HSQGTFTSDYSKYLDSERASEFVYWLISEV
secuencia_1191,HSMLTF
secuencia_1192,HSQGTFTSDYSKYLDSERAREFVYWLVAGG
secuencia_1193,HAERTF
secuencia_1194,YSEGTFTSDYSKLLEEEAVRLFIEWMVKGP
secuencia_1195,HNQGTFTSDYSK
secuencia_1196,HSQGTFTSDYSKYLDSRSSSDFVQWL
secuencia_1197,YSEGCFTSDYSKLLERQAIDEFVNWLLKGGPSSGAPPPSS
secuencia_1198,HSQGTFTSDYSKYKDSRRASEFVQWLISGS
secuencia_1199,HSQGTFTSDYSKYLDSRSASDFVSWLVAGGSR
secuencia_1200,YAEGTFTSDHSIYLDKQAAEAFVNWLLAGGPSSGAPPPSA
secuencia_1201,HSQGTFTSDYSRYLDSRRASEFVQWLISW
secuencia_1202,HSQGTFTSDYSKYLDSESARDFVEWLVAGG
secuencia_1203,HSIGTFTSDMSKYLDSERA
secuencia_1204,YSLGTFTSDLSILKEKEANREFVNWLLAGGPSSGAPPPS
secuencia_1205,HSQGTFTSDYSAYLDSRAAAKFVQWLLNGGPSSGAPPEGG
secuencia_1206,HGEGTFTSDVSSYMESM
secuencia_1207,YSEGTFTSDYSKLLEEEAVRLFIEWLIKGP
secuencia_1208,HADGTFTSDVSAYLKEYAIKDFVAKLKAGQ
secuencia_1209,HSQGTFTSDYSKYLDSRAAACFVQWNLNGGPSSGAPPCGGS
secuencia_1210,HSQGTFTSDYAKYLDSRSASDFVQWLVVVVV
secuencia_1211,HSAGTFTSDYSKYLDSERARDFVQWLISE
secuencia_1212,YAEGTFFSDYSIYLDKQAAEAFVNWLLAGGPSSGAPPPS
secuencia_1213,HGEGTFTSDVSSYMESQSVDEYYYYYYYYYY
secuencia_1214,HGEGTFTSDVSSYMEIQ
secuencia_1215,HSQGTFTSDYSKYLESETARDFVQWLVAGG
secuencia_1216,HSQGTFTSDYSEYLDSRRASEFTQWLISEY
secuencia_1217,HVEGTFTSDVSSYMERQSVDEFIM
secuencia_1218,HSQGTFTSDYSKYLDSERARDFVQWMVAGG
secuencia_1219,YAEGTFTSDYSIYLDRQAAQEFVNWLLAGGN
secuencia_1220,HAEGTFTSDVSSYLEGQAAKEFSAWVKGRYY
secuencia_1221,HFQGT
secuencia_1222,HAEGTFTSDVSSYLEGQEAKEFIAWLKGR
secuencia_1223,HSQGTFTSDYSKYLDSRRAEPFVQWLVAGGSS
secuencia_1224,HAEGTFTSDVSSYLEGQSAKEFIAWLVRGR
secuencia_1225,HSQGTFTSDYSKYLDSRAASEFVQSLISE
secuencia_1226,HSQGSFTSDYS
secuencia_1227,YNEGTFTSDY
secuencia_1228,HSQGTFTSDYSKYLDSRRASEFVQWLRSE
secuencia_1229,HAEGTFTSDVSSYLEGQAAKEFIAWSVRGR
secuencia_1230,HSQGTFTSDYEKYL
secuencia_1231,YSEGTFTSDYSKLKEEEANRLFIEWWLAGGPSSGAPPPS
secuencia_1232,LHAEGTFTSDVSSYLEGQAAKFFIAWLVKGRG
secuencia_1233,HAEGTFTSDVSSYLEGQAAKEFIAKLVGRY
secuencia_1234,HSMGTFTSDYSKYLDSERARDDVQWLVAGG
secuencia_1235,HSQGTFTSDYSKYLDSERARDFVKWLVAGG
secuencia_1236,HSQGTFTSDYSKYLDSERLRDFVQWLVAGG
secuencia_1237,HAEGTFTSCVSAYLEGQAAKEFIAWLVKGR
secuencia_1238,HSQGTFTSDYSKYLDSEAASDFVQWNVAGGDSKYLDS
secuencia_1239,HSQGTFTSDYSKYLDSRRAEDFVQWLVAGGDGSGSG
secuencia_1240,HSGGTFTSDYSKYLDSRRASEYYYYYYYYYY
secuencia_1241,YAEGTFTSDYSIYLDEQAAQEFVNWLLAGGPSSGADPPS
secuencia_1242,YAMGTFTSDYSIYLDEYYYYDDDDDD
secuencia_1243,YAEGTFTSDYSIYLDKQAAEAFVNWLLAGGPSSQAPPPS
secuencia_1244,YAEGTFTSDYSIGLDEIAAQEFVNWLLAGGPSSGAPPPS
secuencia_1245,HSQGTFTSDYSEYLDSEWARDFVQWLVAGG
secuencia_1246,YKEGTFTSDYSIYLDKQAAEAFVNWLLAGGPSSGAPPPS
secuencia_1247,HSQGTFTSEYSKYLDSERARDFVQWLVADG
secuencia_1248,HSQGTFTSDYSKYLDSRRASEFVQWLKSG
secuencia_1249,YAEGTFTSDYSIYLDKMAAYEFVNWLLAGGPSSGAPPPS
secuencia_1250,HGEGTFTDDVSSYMESQLVDEFIAWLLKGR
secuencia_1251,HSQGTFTADYS
secuencia_1252,HSIGTFTSDYSDYLDSRRASEFVQWLISEHH
secuencia_1253,HSMGTFTSDYSKYLDSERARDFVQWLVATG
secuencia_1254,HSQGTFPSDYSK
secuencia_1255,YSIGTFTSDYSKYLEEEAVRLFIEWLLAG
secuencia_1256,HSIGTFTSDYSKYLDSRRASEFVQWLISYY
secuencia_1257,HAEGQFTSDVSSYLEGQAAKEFIAWVKGR
secuencia_1258,HSQGTFTSDYSKYLDSERARDFVQWLVAHG
secuencia_1259,HSIGTFTSDYSKYLDSRRASEFVQWLTSEY
secuencia_1260,YAEGTFTSDYSIYLDKQAAYEFVNWLLAGGPSWGAPPPS
secuencia_1261,HGEGTFTSDVSSYTERQSVDEF
secuencia_1262,HSQGFF
secuencia_1263,HTDGTFTSDVSAYLNDRAVKEFAARLKSGQS
secuencia_1264,HAEGTFTSDVSSYLEGQAAGEFIAWLKGR
secuencia_1265,HSQGTETSDYSKYLDSERARDFVEWLVAGG
secuencia_1266,DSQGTFTSDYSKYLDSRAAACFVQWLLNG
secuencia_1267,HREGTFTSDVSSYLEGQYYYYYYYYY
secuencia_1268,YAEGTFTSDYSIYLDRQAAQEFVNWLLAGGPSSGAYPPS
secuencia_1269,HSQGTFTSDYSEYLDSRAASEFVQWLISE
secuencia_1270,HSQGTFTSDYSKYLVSER
secuencia_1271,HSQGTFTSDSSKYLDSERARDFVQWLISEGPSSGAPPPS
secuencia_1272,HSQGTGT
secuencia_1273,HSQGTKTSDYSKYLDSRRAEDFVQWLVAGGSGSGSG
secuencia_1274,HSQGTFTSDYSKYLDFERASDDDDDDDDD
secuencia_1275,HSQGTFTSDYSEYLDSRRASEQVQWLISEV
secuencia_1276,YAEGTFTSDYSIYLDKQCAYEFVNWLLAGGPSSGAPPPS
secuencia_1277,HAEGKFTSDVSSYLEGQAAKEFIAWVKGR
secuencia_1278,YSPGTFTSDYSKYLEEEAVRLFIEWLLAG
secuencia_1279,HSQGTFTSKYSEYLDSRRASEFVQWLISEHH
secuencia_1280,HSQGTFTSEYSKYLDSERARDFVQTLVAGG
secuencia_1281,HSQGIFTSDYSKYLDSRAAACFVQWLLNGGPSSGAPPCGG
secuencia_1282,HSQGTFTSDYSKYLDSVRARDYYYYYYYYYY
secuencia_1283,ESQGTFTSDYSKYLDSRAAAKFVQWLLNGGPSSGAPPEGG
secuencia_1284,HSQGTFQSDYSKYLDSERAREFVQWLVAGG
secuencia_1285,HSQGTFTSDYSEYLDSERARDFVQWLVATG
secuencia_1286,HAEGTFTSDVNSYLEGQAAKEFIAWLVRGRYYYY
secuencia_1287,HADGTHTSDVSAYLKEQAIKDFVAKLKAGQ
secuencia_1288,HSQGTFTSDYSKYLDSERARCFVEWLVAGG
secuencia_1289,YSQGTFTS
secuencia_1290,HKQGTFTSDYSKYLDSERARDFVQWLVAGG
secuencia_1291,HSQGTITSDYSKYLDSRAAACFVQWLLNGGPSSGAPPCGG
secuencia_1292,YSEGTFTSDYSKLLEEEAVRDFIEWLLAGGISSGAPPPS
secuencia_1293,HSAGTFTSDYSKYLDSIRASEFVQWLISEVYY
secuencia_1294,HSQGTFTSDYSKYLDSERARDFVDWLISEGPSSGAPPPSSS
secuencia_1295,YAEGTFTSDYSIYLDEQAAQEFVEWLLAGGPSSGAPPPS
secuencia_1296,YAEGTFTSDYSIYLDEQAAQEFVSWLLAGGPSSGAPPPSY
secuencia_1297,HSQGTFTSDYSNYLDSRAAACFVQWLLNGGPSSGAPPCGG
secuencia_1298,HWQGTFTSDYSKYLDSERARDFVAWLVAGG
secuencia_1299,HSQLTFTSDYSEYLDSERARDFVQWLVAGGDDDD
secuencia_1300,HAEGTFTSDVSAYLEGQAAKEIIAWLVKGRDDDD
secuencia_1301,YSEGTFTSDYSKLKEEEQNRLFIEWLLAGGPSSGAPPPS
secuencia_1302,HSQGTFTSDYSKYLDSRRPSEFVQWLISE
secuencia_1303,HYQGTFTSDYSRYLDSRRASY
secuencia_1304,HSQGTFTSDYSKYLDSRRASEFVQWIISE
secuencia_1305,KSQGTFTSDY
secuencia_1306,HAEGTFTSDVSPYLEGQAAKEFIAWLVKGR
secuencia_1307,HSIGTFTSDYSKYLDSERACDFVQWLVAGG
secuencia_1308,HSQGTFTSDYSKYLHSRCA
secuencia_1309,HSQGTFTSDYSKYLESASASDFVQWLVAGG
secuencia_1310,HAEGTFTSDVSAYLEGQAGKEFIAWLVKGR
secuencia_1311,HSQGTFTSDYSRYLDSRRASEFVQWLISI
secuencia_1312,HSQGTFTSDYSKYLDSRLASDFVQWLVAGG
secuencia_1313,HSQGTFTSDYSKYLDSRAKAKFVQWLLNGGPSSGAPPEGGS
secuencia_1314,HSQGTFTWDYS
secuencia_1315,HAEGTFTSDVSAYLEGQATKEFIAWLVKGR
secuencia_1316,HSQGTFTSDYSWYLDSRRAEDFVVVVVVVVVVV
secuencia_1317,YAEGTFTSDYSIYLDEQADDDDDDDDDD
secuencia_1318,HSQDTFTSDY
secuencia_1319,HSQGTFTSDYSEYLDSRRASEFLQWLHH
secuencia_1320,HSQGTFTSDYSKYLDSRSASDFVQWLP
secuencia_1321,HACGTFTSDVSSYLEGQAAKEFIAWLVRGR
secuencia_1322,YAEGTFTSDYSIYLDKQAAEAFVNDLLAGGPSSGAPPPS
secuencia_1323,HSQGTFTSDYSKYLDSRSARDFVQWLVAGY
secuencia_1324,HSQGTCT
secuencia_1325,YSEGTFTSDLSILKEKEANREFVNWLLAGGPSSGAEPPS
secuencia_1326,HSQGTFTSDYSKYLDSRRAQEFVQWLIAE
secuencia_1327,HAEGYFTSD
secuencia_1328,HSQGTFTSDYAKYLDSRAAAKFVQAAAQFVQQQQ
secuencia_1329,HSQGTFTSDP
secuencia_1330,YAEGTFTSDYSIYLDEIAAQEFHNWLLAGGPSSGAPPPSAA
secuencia_1331,YAEGTFTSDYSTYLDKQAAEAFVNWLLAGGPSSGAPPPS
secuencia_1332,YAEGTFTSDYSIYLDIKAAQEFVNWLLAGHPSSGAPPPS
secuencia_1333,HSQGTGTSDYSKY
secuencia_1334,HSQYTFTSDYSKYLDRAAASDFVQWLVAGG
secuencia_1335,HSNGTFTSDYSKYLDSEAASDFVQWLVAGGS
secuencia_1336,HADGTFTSDVSAYLKEQAIKDFTAKLKAGQ
secuencia_1337,HSQGTFTSDYSKYLDSASASDFVEWLVA
secuencia_1338,HAEGTFTSDVSSYLEGQAAKEFIAWLVRQR
secuencia_1339,HSQGTFTSDYSQYLDSASASDFVQWLVAGG
secuencia_1340,HSQGTFTSDYSKYLDSERQRDFVQWLISEHHHH
secuencia_1341,HGEGKFTSDVSSYMESQLVDEFIAWLLKGRYYYY
secuencia_1342,HSQGTFTSDYSKYLDSERASEYVQWLISE
secuencia_1343,YSEGTFTSDYSKLLEEEAVRDFIEWLLAGGWSSGAPPPS
secuencia_1344,HSQGLFTSDYSKYLDEAAASDFVQWLVAGG
secuencia_1345,HSQGTFTSDYSKYLDWASASDFVQWLVAGG
secuencia_1346,YSEGTFTSDYSKLLEEEAVRDFIEWLLAGGPVSGAPPPS
secuencia_1347,YSEGTFTSDYRKLLEEEAVRLFIEWLVKGP
secuencia_1348,YAEGTFTSDYSIYLDETAAQEFVNWLLAGGPSSGAPPPS
secuencia_1349,HSQGSFTSDYSEYLDSERV
secuencia_1350,YAEGTFTSDYPIYLDRQAAQEFVNWLLAGGPSSGAPPPS
secuencia_1351,HGEGTFTSDVSSYMECQLVDEFIAWLY
secuencia_1352,HSIGTFTSDYSKYLDSEDARDFVQDDDDDDDDDD
secuencia_1353,HSQGHFTSDYSKYLDSASASDFVQWLVAGG
secuencia_1354,YAEGTFTSDYVIY
secuencia_1355,HTDGTFTSDVMAYL
secuencia_1356,HSQGTFTHDYSKYLDSRCAAAFVQWLLNGGPSSGAPPPGCG
secuencia_1357,HSQGTFTSDYNKYLDSERARDFVQWLVAGG
secuencia_1358,NAEGTFTSDYSIYLDEIAAQEFVNWLLAGGPSSGAPPPS
secuencia_1359,HEQGTFTSDYSKYLDSRCAAANNNNNNNNNN
secuencia_1360,HSQGTFGSDYSKYLDSRCAAAFVQWLLNGGPSSGAPPPGCG
secuencia_1361,HSQGTFTSDYSKYLDSRKAAAFVQWLTNGGPSSGAPPPGEG
secuencia_1362,YAEGTFTSDYT
secuencia_1363,HSQGTATSDYSKYLDSRRAEDFVQWLVAGGSGSGSG
secuencia_1364,HSQGTFTSDYSKYLDSRSASDFVQWWVAGG
secuencia_1365,HAEGTFTSDVSSYLEGQAAKEFYAWLKGR
secuencia_1366,LHAEGTFTSDVSSELEGQAAKEFIAWLVKGRG
secuencia_1367,HSQGTFTSDYSEYLDSRRASEFVQWCISE
secuencia_1368,HSQGTFTSDYSKYLDSERAYDFVAWLVAGG
secuencia_1369,HSQGTFTSDYSKYLDSRAAAKFVQWLLNGGPSSGAPPEEG
secuencia_1370,YACGTFTSDYSIYLDEQAAQEFVNWLLAGGPSSGAPPPS
secuencia_1371,YAEGTFTSDYSIYLDKQAAEAFVNWLLAGGPYSGAPPPS
secuencia_1372,HSQGTFTSDYSKYLDSYSASDFVQWLVAGG
secuencia_1373,HMEGTFTSDVSSYLEGQAAKEFIAWLVRGRHHH
secuencia_1374,HSQGEFTSDY
secuencia_1375,HAEGTFTRDVSSYLEGQAAKEFIAWLVRGR
secuencia_1376,HAEGTFQSD
secuencia_1377,HSQGTFTSDYSEYLDSFRARDFVQWLVAGG
secuencia_1378,YAEGTFTSDYSIYLDEIAADEFVNWLLAGGPSSGAPP
secuencia_1379,HSQSTFTSDYSKYLDSERAREFVQWLVAGG
secuencia_1380,HAEGNFTSDVSSYLEGQAAKEFIAWLKGR
secuencia_1381,HSQLTFTSDYSKYLDSRRAEDFVQWLVAGGSGSGSG
secuencia_1382,HSQGTFTSDYSKYLDEAAASDFVQWLVGGG
secuencia_1383,HSQGTLTSDYSKYLDSRRASEFVQWLIAE
secuencia_1384,HSQGTFTSDYSEYLDSRQ
secuencia_1385,HAFGT
secuencia_1386,HSQGTFTSDYSRYLDSRRDSEFVQWLISE
secuencia_1387,HSQGDFTSDYSKYLDSIRASEFVQWLISE
secuencia_1388,HSQGEFT
secuencia_1389,YSEGTFTSDYSKLKEEEANRLFIIWLLAGGPSSGAPPPS
secuencia_1390,YSECTFTSDYSKLLEEEAVHHHHHHHHHH
secuencia_1391,HSQGTFTSDYSRYLWSRRASEFVQWLISE
secuencia_1392,HAEGTFTSDVSAYLEGQAAKEFIAWDVKGR
secuencia_1393,HSQGTFQSD
secuencia_1394,LHAEGTFRSDVSSYLE
secuencia_1395,HSQGTFTSDYSKYQDSRSARDFVQWLVAGG
secuencia_1396,HSQGTFTSDYSKYLDSRRAEDFVQWLVAGGVGSGSG
secuencia_1397,YCEGT
secuencia_1398,YAEGTFTSDYSIYLDRQAAQEFVNWLLAGGPSSGEPPPS
secuencia_1399,HAEGTFTGDVSAYLEGQAAKEFIAWLVV
secuencia_1400,YAYGTFTSDYSIYLDKQAAYEFVNWLLAGAG
secuencia_1401,HSQGPFTSDYSKYLDSRSASDFVQWLVAGG
secuencia_1402,HSQGTFTSDYSKPLDSRSARDFVQWLVAGG
secuencia_1403,YAEGTFTSDYSIYLDRQAAQEFVNWLLAGGPSSGNPPPS
secuencia_1404,YSEGTFTSDLSILKETEANREFVNWLLAGGPSSGAPPPS
secuencia_1405,HSQGTFISDYSKYLDSHMDDDDDDD
secuencia_1406,SSQGTFTSDYSKYLDSRAVADHAGYVD
secuencia_1407,HSQGTFTSDYSKYLHSIRASEVVVVVVVV
secuencia_1408,YSEGTFTSNYSKLKEEEANRLFIEWLLAGGPSSGAPPPSS
secuencia_1409,HSQGTFTSDYSKYLDSRAAAKFVQWELNGGPSSGAPPEGGS
secuencia_1410,YSEGTFTSDYSKLLEEEAVRLFAEWLVKGPYY
secuencia_1411,HGEGTTTSDVSSYMERQSVDEFIAWLLKGRHHH
secuencia_1412,HSQGTFTSDYSTYLDSRKAAAFVQWLLNGGPSSGAPPPGEG
secuencia_1413,HSQGTFTCDYSRYL
secuencia_1414,RADGTFTSDVSAYLKEQAIKDFVAKLKAGQ
secuencia_1415,HSQGTFTSDYSKYLDSRRYSEFVQWLISE
secuencia_1416,HADGTFTSDVSAYLKEQAIKDFVAKTKAGQSSSSSSS
secuencia_1417,HSQGTFTSDYSKYLDEAAMSDFVQWLVAGG
secuencia_1418,YSEGTFTSDYSKLLEEEAVRDFIEWSLAGGPSSGAPPPS
secuencia_1419,LHNEGTFTSDVSSYLEGQAAKEFIAWLVKGRG
secuencia_1420,YAEGTFTSDYSIILDEIAAQEFVNWLLAGG
secuencia_1421,HSQGTFTSDYSKYLDSRRAEDFVNWLVAGGSGSGSG
secuencia_1422,YAEGTFTSDYSIYLDSIAAQEFVNWLLAGGPSSGAPPPSAE
secuencia_1423,YSEGTFTSDLSILKEKEANREFVNWLLAGGPSSGAPPYS
secuencia_1424,HSMGTFTSDYSKYLDSERARDFVEHHHHHHHHHH
secuencia_1425,HSQGTFTKDYSRYLDSRRASEFVQWLISE
secuencia_1426,HSQGTFTSDYSKYLDEPAASDFVQWLV
secuencia_1427,HSQGRFTSDYSKYLDSERASEFVQWLISEYY
secuencia_1428,YSEGTFTSDYSKLLERQAIDEFVNWLLV
secuencia_1429,HSQGTFTSDYSKYLCSRCAAAFVQWLLNGGPSSGAPPPGCG
secuencia_1430,HSQGTFTLDYSKYLDSEAASDFVQWLVAGG
secuencia_1431,HSQGTFTSDYSKYLDSIRASEFVQWLISH
secuencia_1432,HSQGTFGSDYSKYLEEEAVRLFICWLMNT
secuencia_1433,HVDGTFTSDVSAYL
secuencia_1434,YAEGTFTSDYSIYLDKQRAYEFVNWLLH
secuencia_1435,HKQGTFTSDYSK
secuencia_1436,HSQGTFTSDYSCYLDSERAREF
secuencia_1437,HSQGTFTSDPSKYLDSERASEFVQWLISEYY
secuencia_1438,ASQGTFTSDYSKYLEEEYYYYYYYYYY
secuencia_1439,HSQGTFTSDYSKYLDSRAAAKFVQWLLNGGPSSGAPPPGG
secuencia_1440,HAEGTFTSDVSAYLERQAAKEFIAWLVKGRYYYY
secuencia_1441,YAEGTFTSDYSIYLDFKAAQEFVNWLLAHH
secuencia_1442,HSIGTFTSDYSKYLDSRSASDFVQWLVAGG
secuencia_1443,HSQGTFTSDYSKYLESERARDFVQWLVAGI
secuencia_1444,HSQHT
secuencia_1445,YSEGTWTSDYSKLLERQAIDEFVNWLLKGGPSSGAPPPS
secuencia_1446,HVIGTFTSDYSKYLDSRRAS
secuencia_1447,HSQGTFTSDYSKYLDSERQREFVQWLVAGG
secuencia_1448,HSQGTFTSDYSKYLDSRRAEDFVQWLVAGGTGSGSG
secuencia_1449,HSQGTFTSDYSKYLDSERARDFVIWLISE
secuencia_1450,HAEGTFTSDVLSYLEGQAAKEFIAWLVRGR
secuencia_1451,YAEGQFTSDYSIYLDIKAAQEFVNWLLAGGPSSGAPPPS
secuencia_1452,HSQGTFTSDYSKYLDEADASDFVQWLVAGGDDD
secuencia_1453,HSQGTFTSMYSKYLDSERARDFVEWLVAGGMMMMMMM
secuencia_1454,HSQGTFTSDYSKYLESERCHHHHHHHHHH
secuencia_1455,HSQWTFTSDYSKYLDSRRASEFVQDDDDDDDDDD
secuencia_1456,HSQGTMTSDYSKYLDSIRASEFVQWLI
secuencia_1457,HSMGTFTLDYSKYLDSERARDFVQWLVAGG
secuencia_1458,HSQGTFTSDYSKYLDSERARDGVQWLISEYY
secuencia_1459,HSQGTFTSDYSKYLDSERARDFVQWIISEHHHH
secuencia_1460,HSQGTFTSDYSKYLKEEAVRLFICWLMNTYYYYYY
secuencia_1461,HSQGTFTSDYSKYLESERARDFVQWLPAGG
secuencia_1462,YSQATFTSDYSKYLEEEAVRLFIEWLLAG
secuencia_1463,PAEGTFTSDVSSYLEGQAAKEFIAWVKGR
secuencia_1464,HSQGTFTSDYSKYLDSERARDFYEWLVAGG
secuencia_1465,HSQGTRTS
secuencia_1466,HSFGTFTSDYSKYLDSERASEFVQWLISEHH
secuencia_1467,HSQGTFTSDYSKYLDSRAAACFVQWLANGGPSSGAPPCGGS
secuencia_1468,YAEGTFTSDYSYYLDEIAAQEFVNWLLAGGPSSGAPPPS
secuencia_1469,HSQGWFTSD
secuencia_1470,YAEGTFTSDPSIYLDKQAAYEFVNWLLAGGPSSGAPPPS
secuencia_1471,LHAEITFTSDVSSYLEGQAAKEFIAWLVKGRG)
secuencia_1472,HSQGTFTSDYSKYLDSRSASDFVQWLWAGGD
secuencia_1473,HGEGTFTSDVSSYMERQSVDEFIAWLLKWR
secuencia_1474,YSEGTFTSDMSKLLEEEAVRLFIEWLVKGP
secuencia_1475,HSQGTFTSDYSKYLEEEAVRLFICWLMNE
secuencia_1476,HSIGTFTSDMSKYLDSERARDFVQWL
secuencia_1477,HSQGTFTSDYSKYLDSERARDFVQWLICE
secuencia_1478,HSIGTFSSDYSKYLDS
secuencia_1479,YAEGTFTSDYSIYLDKQAAEAFVNWLLAGDPSSGAPPPS
secuencia_1480,HSQGTFTSDYSKYLDSRRARDFVEWLVAGG
secuencia_1481,LHAEGTFTSDVSSYLEGQAAKEFIAWPVKGRG
secuencia_1482,HSQGTFTSSYSKYLDSERARDFVQWLVAGG
secuencia_1483,HSQGTFTSDYSKYLDSRSFSDFVQWLVAGG
secuencia_1484,HSQWTFTSDYSKYLDSERARDFVAWLVAGG
secuencia_1485,HAWGTFTSDVSSYLEGQAAKEFIAWLKGR
secuencia_1486,HSIGTFTSRYSKYLDSRRASEFV
secuencia_1487,HSQGTFTSDYAK
secuencia_1488,HSQGTFFS
secuencia_1489,HSAGTFTSDYSKYLEEEAVRLFICWLMNT
secuencia_1490,HSWGTFTSD
secuencia_1491,YSEGTFTSDYSKLREEEAVRDFIEWLLAGGPSSGAPPPS
secuencia_1492,YSEGTFTKDYSKLKEEEANRLFIEWLLYYY
secuencia_1493,HGEGTFTSDVSSYMERQSVDEVIAWLLKGRHHHHH
secuencia_1494,HSQGTFESDYSK
secuencia_1495,HSSGTFTSDYSKYLDSRRASEFVQWLIAE
secuencia_1496,HSQGTFTSDYSKYLDSERARDFVRWLISEDDD
secuencia_1497,YLEGTFTSDYSIYLDIKAAQEFVNWLLAGGPSSGAPPPS
secuencia_1498,HIQGTFTSDYSKYLDSRSARDFVQWLVAGG
secuencia_1499,FAEGTFTSDVSSYLEGQAAKEFIAWLKGR
secuencia_1500,HSQGTFTSDYSKYSEEEAVRLFICWLMNTDDDDDD
secuencia_1501,HSQGTFTSDYSKYLDSRAAACFVRWLLNGGPSSGAPPCGG
secuencia_1502,NSQGTFTSDYSKYLDSRSARDFVQWLVAGG
secuencia_1503,HADGTFTSDVHAYLKEQAIKDFVAKLKAGQ
secuencia_1504,HSQGTFTSDYSKYLEKEAVRLFICWLMNT
secuencia_1505,HSMGTFTSDYSKYLDSERAIDFVQWLVAGG
secuencia_1506,HGEGWFTSDVSSYMESQLVDEFIAWLLKGR
secuencia_1507,HSDGTFTSDY
secuencia_1508,HSQGTCTSDYSKYLDSERARDFVQWLISEYY
secuencia_1509,HSQGTFTSDYSKYLDSASASDFEQWLVAGG
secuencia_1510,HSQGTFTSDYSRYLDSRRASEFVQWLWSE
secuencia_1511,HTDGTFTSDVSAYLNDRAVKEFVARAKSGQYYYY
secuencia_1512,HSQGTFTSDYSRYLDSRRASEFVQWLIVE
secuencia_1513,HSQGTFTSDYSKYLDSRSARDFVQWLVGGG
secuencia_1514,HSQGTFTSDYSKYLDSRCAAAFVQWLLNGGPSSV
secuencia_1515,HSSGTFTSDYSKYLDSEYYYYYYYYYY
secuencia_1516,HSRGTFTSDYSKYLEEEAVRLFICWLMNT
secuencia_1517,YAEGTFTSDYSIYLDEKAAQEFVNWLLAGGPSSGAPPPS
secuencia_1518,YAEGTFTSDYSIYLDKQAAYVFVNWLLAGGPSSGAPPPS
secuencia_1519,KSIGTFTSDYSKYLDSRRASEFVQWLISE
secuencia_1520,HSIGTFTSDYSKYCDSRRASEFVQWYYYYYYYYYY
secuencia_1521,YAEGTFTSDYSVYLDRQAAQEFVNWLLAGGPSSGAPPPS
secuencia_1522,HAHGTFTSDVSSYLEGQAAKEFIAWLVRGR
secuencia_1523,HSQGTFTSDYSKYPEEEAVRLFICWLMNT
secuencia_1524,YSEGTFTSDLSILKEKEAMREFVNW
secuencia_1525,YSEGTFTSDYSKLLERQAIDEFVNWFLKGGPSSGAPPPSS
secuencia_1526,HGEGTFCSDVSSYMESQLVDEFIAWLLKHH
secuencia_1527,HAEGTFTSDVSSYDEGQAAKEFIAWLVRGR
secuencia_1528,HSQGTFTSDYSKYLDSRRAEDFVQWLVAGGSGNGSG
secuencia_1529,HSQGTFTSDYSKYLDSIRASEFVQPLISEYY
secuencia_1530,HMQGTFTSEYSKYLDSERARDFVQWLVAGG
secuencia_1531,HACGTFTS
secuencia_1532,HSQGTWTSDY
secuencia_1533,HSTGTFTSDYS
secuencia_1534,HSQGTFTSGYSKYL
secuencia_1535,HSQGTFTSDFSKYLDSRSARDFVQWLVAGG
secuencia_1536,YSEGTFTSDYSKLKEEEANRLFWEWLLAGGPSSGAPPPS
secuencia_1537,HSGGTFTS
secuencia_1538,YAEGTFTSDYSIYLDKQAAYIFVNWLLAGGPSSGAPPPS
secuencia_1539,HAEGTFTSDVSSYLEGQAAKEFIAWLVCRH
secuencia_1540,HSQGTFTSDYSKYLDSERAQDFVQWLVAGG
secuencia_1541,HSQGTFTSDYSKYLESERARDFMQWLVAGG
secuencia_1542,HSQGTFTSYYSKYLDSERAREFVQWLVAGG
secuencia_1543,YSQGTFTSDLSKYLEEEAVRLFIEWLLAG
secuencia_1544,HSQGTFTSDYSKYLDSRKAAAWVQWLLNGGPSSGAPPPGEG
secuencia_1545,YMEGTFTSDLSILKEKEANREFVNWLLAGGPSSGAPPPSMM
secuencia_1546,YAEGTFTSDYSIYLDIKAAQEFVNALLAGGPSSGAPPPSY
secuencia_1547,YAEGTFTSDYSIYGDKQAAYEFVNWLLAGGPSSGAPPPSA
secuencia_1548,HSQGTFTSDYWKYLDSRSARDFVHHHHHHHHHH
secuencia_1549,LSQGTFTSDYSEYLDSERARDFDDDDDDDDDD
secuencia_1550,HSIGTFTSDYSKYLDSARARDFVQWLVAGG
secuencia_1551,HSQWTFTSDYSKYLDSRCAAAFVQWLLNGGPSSGAPPPGCG
secuencia_1552,HSQGTFTSDYSKYLDSRRAHEFVQWLISEVD
secuencia_1553,HSQGTFTHDYSKYLD
secuencia_1554,HSIGQFTS
secuencia_1555,YSQGTFTSDYIKYLEEEAVRLFIEWLLAG
secuencia_1556,YSEGTFTSDYSKLLEEEAVHDFIEWLLAGGPSSGAPPPS
secuencia_1557,HSIGTFTYDYSKYLDSERARDFVQWLVAGG
secuencia_1558,YAEGTFTSDYSIYLDIKAAQEFVNWLLADGPSSGAPPPS
secuencia_1559,YTEGTFTSDYSIYLDRQAAQEFVNWLLAGGPSSGAPPPS
secuencia_1560,HSHGTFTSDYSKYLDSERARDFVEWLVAGG
secuencia_1561,HSQGTFTSDYSKYTDSERARDFVEWLVAGG
secuencia_1562,YWEGTFTSDYSIYLDKQAAEAFVNWLLAGGPSSGAPPPS
secuencia_1563,HSQGTFTSDYSRYLDSRRASEFVQWLISR
secuencia_1564,HSQGTFTSDYSKYLDSERDDGGGGGGGGG
secuencia_1565,HSMGTFTSDYSKYLDSERARKFVQWLVAGG
secuencia_1566,HSMGTFTSDYSKYLDSERARDFVLWLVAGG
secuencia_1567,HADGTFTSDVSAYSKEQMM
secuencia_1568,HGEGTFTSDVSSYMESQLVDEFIAWLLKIRHHHH
secuencia_1569,HSQWTFTSDYSKYLDSIRASEFVQWLISESHHH
secuencia_1570,HSQGTFTSDYSKYLDSERASEFVQWLIWE
secuencia_1571,HSQGTFTSDYSKYLDARRASEFVDDDDDDDDDD
secuencia_1572,WSQGTFTSDYSKYLDSRSASDFVQWAAAAAAAAAA
secuencia_1573,HSQGTFTSDYSFYLDSRRASEFVQWLISG
secuencia_1574,HSQGTFTSDYSKYLDSESAREFVQWLYY
secuencia_1575,HSQKTFTSDYSKYLDSERARDFVQWLISEG
secuencia_1576,YAEGTFTSDYSIYLDKQAAYEFVNWLLAGGPSDGAPPPS
secuencia_1577,HSQGYFTSDYSKYLDSRAASEFVQWLISE
secuencia_1578,HSQHTFTSDYSKYLDSRAASEFVQWLISE
secuencia_1579,HSQGTFTSDYSKYLDSERARCFVQWLVAGGDYSQLDS
secuencia_1580,HSQGTFTSDYSKYLDSAFASDFVQWLVAGG
secuencia_1581,HSQGTFTSDYPKYLDSRRASEFVQWLIAE
secuencia_1582,HSQGTFTSDYSKYLDSERARDFVQWLISNYYY
secuencia_1583,HSQGTFTSDYSKYLDHHHHHHHHHHH
secuencia_1584,YAEGTFTSDYSIFLDEIAAQEFVNWLLAGGPSSGAPPPSA
secuencia_1585,HSQGTFTSDYSKYLDEAAASDFVQWLMAGG
secuencia_1586,HSQGTFTSAYSKYLDSRAAAKFVAAAAAAAAAA
secuencia_1587,YSEGTNT
secuencia_1588,HSQGTFTSDYSKYLDSERVRDFVQWLVAGG
secuencia_1589,YAEGTFTRDYSIYLDEQAAQEFVNWLLAGGPSSGAPPPS
secuencia_1590,HSQGTFTSDYSKYLDSRKAAAFVQWLLNGGTSSG
secuencia_1591,YSEGTFTSM
secuencia_1592,YSEGTFTSCYSKLLEEEAVRLFIEWLVKGP
secuencia_1593,HSQGTFTSDYSKYLDEAAASDFVQWNVAGGDDDD
secuencia_1594,HSQGTFTSDYSKYLESERARDFVQALVAGGS
secuencia_1595,HSQGTFTSDYSKYLDSEVAREFVQWLVAGG
secuencia_1596,YAEGTFTSDYSGYLDEQAAQEFVNWLLAGGPSSGAPPPS
secuencia_1597,HSQGTFTSDYSKYLDSERASFFVQWLISEV
secuencia_1598,HCQGTFTS
secuencia_1599,PSQGTFTSDYSKYLDSERARDFVQWLISE
